article;english_name;manufacturer;in_stock_qty;application_area;current_russian_name;russian_confirmed;russian_source;catalog;public_price_status;public_price_rub;special
14YETISHIM;шайба;;50.000;;;нет;;нет;Уточнить цену;;без производителя, нет каталога поставщика, название уже по-русски
10F;Гильза маслонасоса;;44.000;СНЕГОХОД;;нет;auto_translation;нет;Уточнить цену;;без производителя, нет каталога поставщика, название уже по-русски
732401030;O-RING;BRP;37.000;СНЕГОХОД;;нет;auto_translation;BRP;показывается;119.00;
513033135;LOCKING CLIP;BRP;36.000;;;нет;;BRP;показывается;639.00;
415129510;FUEL FILTER;BRP;32.000;;;нет;;BRP;показывается;2886.00;
417223021;SLIDER SHOE;BRP;31.000;СНЕГОХОД;;нет;auto_translation;BRP;показывается;881.00;
420845106;PISTON CIRCLIP;BRP;23.000;;;нет;;BRP;показывается;522.00;
5446652;BUSHING;BRP;22.000;;;нет;;BRP;показывается;926.00;
420831955;OIL SEAL;BRP;22.000;;;нет;auto_translation;BRP;показывается;3368.00;
508000548;BOOT;BRP;21.000;;;нет;;BRP;показывается;2886.00;
390402300;RIVET_POP 3/16 X ,550;BRP;21.000;;;нет;;BRP;показывается;88.00;
420916412;PISTON PIN;BRP;20.000;;;нет;;BRP;показывается;4041.00;
417127943;ROLLER_PULLEY;BRP;20.000;;;нет;;BRP;показывается;5583.00;
415129670;SPARK PLUG NGK MR7BI-8;BRP;20.000;;;нет;;BRP;показывается;2981.00;
417126374;FRONT CAM SLIDER SHOE, BLACK;BRP;19.000;;;нет;;BRP;показывается;410.00;
293650053;OETIKER CLAMP;BRP;19.000;;;нет;;BRP;показывается;359.00;
250100185;CHROME WHEEL NUT M10 X 1.25;BRP;18.000;;;нет;;BRP;показывается;310.00;
420230515;VALVE STEM SEAL;BRP;18.000;;;нет;;BRP;показывается;1489.00;
570023800;WINDSHIELD LATCH;BRP;18.000;;;нет;;BRP;показывается;529.00;
140068;Cam slide shoe;BRP;17.000;;;нет;;BRP;показывается;1413.00;
517304538;LOCKING PLATE;BRP;17.000;;;нет;;BRP;показывается;538.00;
506152518;LOWER VIBRATION RING;BRP;17.000;;;нет;;BRP;показывается;566.00;
420931795;OIL SEAL;BRP;17.000;;;нет;auto_translation;BRP;показывается;2115.00;
420933523;BUSHING;BRP;16.000;;;нет;;BRP;показывается;2115.00;
505072250;BUSHING;BRP;16.000;;;нет;;BRP;показывается;392.00;
420950732;OIL SEAL;BRP;16.000;;;нет;;BRP;показывается;1044.00;
293150119;RIVET_HEMLOK 6,4 X 15;BRP;16.000;;;нет;;BRP;показывается;501.00;
11G2;топливный фильтр;;16.000;;;нет;;нет;Уточнить цену;;без производителя, нет каталога поставщика, название уже по-русски
12G4;топливный фильтр;;16.000;;;нет;;нет;Уточнить цену;;без производителя, нет каталога поставщика, название уже по-русски
605636002;CLINCH NUT HEXSERT M8;BRP;15.000;;;нет;;BRP;показывается;914.00;
293300026;O-RING;BRP;15.000;;;нет;;BRP;показывается;395.00;
420889051;PISTON ASS'Y 76.11 MM, 1ST OVERSIZE;BRP;15.000;;;нет;;BRP;показывается;21859.00;
SM-07353;SPI FUEL FILTER;SPI;15.000;;;нет;;aftermarket;показывается;2428.00;
513034047;FILTER_FUEL;BRP;14.000;;;нет;;BRP;показывается;2886.00;
703500876;DRIVEN BOLT KIT M139;BRP;13.000;;;нет;;BRP;показывается;4692.00;
420916407;PISTON PIN;BRP;13.000;;;нет;;BRP;показывается;3368.00;
517304744;BUTTON;BRP;12.000;;;нет;;BRP;показывается;281.00;
420851508;CLAMP;BRP;12.000;;;нет;;BRP;показывается;1568.00;
417300006;TAPPING SCREW M4.8 X 16;BRP;12.000;;;нет;;BRP;показывается;88.00;
250000717;TORX HEAD SCREW M6 X 16;BRP;12.000;;;нет;;BRP;показывается;259.00;
512061507;DAMPER_VIBRATION;BRP;11.000;;;нет;;BRP;показывается;5293.00;
420845560;LOCKING ELEMENT;BRP;11.000;;;нет;;BRP;показывается;254.00;
293650125;OETIKER CLAMP;BRP;11.000;;;нет;;BRP;показывается;381.00;
420845467;PISTON CIRCLIP;BRP;11.000;;;нет;;BRP;показывается;554.00;
293200144;SEAL;BRP;11.000;;;нет;;BRP;показывается;576.00;
505073329;SWIVEL BUSHING;BRP;11.000;;;нет;;BRP;показывается;926.00;
517302785;CLIP;BRP;10.000;;;нет;;BRP;показывается;104.00;
250400060;COTTER PIN;BRP;10.000;СНЕГОХОД;;нет;auto_translation;BRP;показывается;237.00;
512061516;DAMPER_VIBRATION;BRP;10.000;;;нет;;BRP;показывается;7219.00;
420430486;GASKET;BRP;10.000;;;нет;;BRP;показывается;1030.00;
420431380;GASKET RING 10/17/2,3;BRP;10.000;СНЕГОХОД;;нет;auto_translation;BRP;показывается;1044.00;
420441311;HEX.SCREW M6 X 20;BRP;10.000;;;нет;;BRP;показывается;628.00;
861805547;KIT SPRING SUPPORT;BRP;10.000;СНЕГОХОД;;нет;auto_translation;BRP;показывается;1019.00;
415130651;SPARK PLUG NGK ILKR8Q7;BRP;10.000;;;нет;;BRP;показывается;2981.00;
211200041;WASHER;BRP;10.000;;;нет;;BRP;показывается;390.00;
505072690;BUSHING;BRP;9.000;;;нет;;BRP;показывается;1191.00;
703500875;BUSHING_SUSPENSION ARM KIT;BRP;9.000;;;нет;;BRP;показывается;1923.00;
420845465;CIRCLIP;BRP;9.000;;;нет;;BRP;показывается;3860.00;
420931568;GASKET;BRP;9.000;;;нет;;BRP;показывается;1166.00;
506152483;GRIP;BRP;9.000;;;нет;;BRP;показывается;1460.00;
40316;Hex Sc.  M8 x 20 BN73 m(1=10pcs);BRP;9.000;;;нет;;BRP;показывается;4741.00;
514054529;LOWER STOPPER;BRP;9.000;;;нет;;BRP;показывается;2211.00;
420631300;O-RING;BRP;9.000;;;нет;;BRP;показывается;1166.00;
420850055;OIL SEAL;BRP;9.000;;;нет;;BRP;показывается;2115.00;
420931455;OIL SEAL;BRP;9.000;;;нет;;BRP;показывается;4331.00;
506152509;UPPER ANTI-VIBRATION GASKET;BRP;9.000;;;нет;;BRP;показывается;566.00;
517297900;WASHER;BRP;9.000;;;нет;;BRP;показывается;3823.00;
10G2;топливный фильтр;;9.000;;;нет;;нет;Уточнить цену;;без производителя, нет каталога поставщика, название уже по-русски
420832713;BALL BEARING;BRP;8.000;;;нет;;BRP;показывается;4716.00;
420832445;BEARING NEEDLE;BRP;8.000;;;нет;;BRP;показывается;3271.00;
503192771;BLACK WHEEL CAP;BRP;8.000;;;нет;;BRP;показывается;285.00;
505072214;BUSHING;BRP;8.000;;;нет;;BRP;показывается;1911.00;
706206653;BUSHING_SUSPENSION ARM;BRP;8.000;;;нет;;BRP;показывается;1038.00;
572034500;CUSHION;BRP;8.000;;;нет;;BRP;показывается;1250.00;
420933180;CUSHION;BRP;8.000;;;нет;;BRP;показывается;2115.00;
707001169;DAMPER;BRP;8.000;;;нет;;BRP;показывается;2886.00;
420854990;EXHAUST VALVE;BRP;8.000;;;нет;;BRP;показывается;1401.00;
420854974;EXHAUST VALVE, LOWER;BRP;8.000;СНЕГОХОД;;нет;auto_translation;BRP;показывается;7316.00;
860200808;FASTENER KIT;BRP;8.000;;;нет;;BRP;показывается;1618.00;
420931610;GASKET;BRP;8.000;;;нет;;BRP;показывается;1426.00;
420954054;LOWER EXHAUST VALVE;BRP;8.000;;;нет;;BRP;показывается;4138.00;
619230069;O-RING;BRP;8.000;;;нет;;BRP;показывается;1005.00;
420430373;O-RING;BRP;8.000;;;нет;;BRP;показывается;390.00;
420931940;OIL SEAL;BRP;8.000;;;нет;;BRP;показывается;3753.00;
420945735;PISTON CIRCLIP;BRP;8.000;;;нет;;BRP;показывается;582.00;
503190754;RETAINER CUSHION;BRP;8.000;;;нет;;BRP;Уточнить цену;;
415130211;SPARK PLUG NGK ILKR9Q7G;BRP;8.000;;;нет;;BRP;Уточнить цену;;
415131139;SPARK PLUG NGK PFR7AB;BRP;8.000;;;нет;;BRP;показывается;4041.00;
09-710303;SPI TOP END GASKET SET;SPI;8.000;;;нет;;aftermarket;показывается;10177.00;
250000587;TORX SCREW M5 X 26;BRP;8.000;;;нет;;BRP;показывается;535.00;
417224868;WASHER_THRUST;BRP;8.000;;;нет;;BRP;показывается;279.00;
;Впускной коллектор 550XU;BRP;8;;;нет;;нет;Уточнить цену;;без артикула, нет каталога поставщика, название уже по-русски
417224204;AXLE - 10MM;BRP;7.000;;;нет;;BRP;показывается;1154.00;
420832176;BALL BEARING;BRP;7.000;;;нет;;BRP;показывается;12132.00;
420950912;GASKET 0,6;BRP;7.000;;;нет;;BRP;показывается;2211.00;
517303756;GROMMET;BRP;7.000;;;нет;;BRP;показывается;466.00;
512061126;IGNITION CABLE;BRP;7.000;;;нет;;BRP;показывается;3463.00;
619230070;MAGNETIC PLUG;BRP;7.000;;;нет;;BRP;показывается;3078.00;
420931410;O-RING;BRP;7.000;;;нет;;BRP;показывается;395.00;
420960205;PROTECTION HOSE;BRP;7.000;;;нет;;BRP;показывается;4827.00;
421000667;REBUILD-CYLINDER NICAS 593ETEC 08-09;BRP;7.000;;;нет;;BRP;показывается;45000.00;rebuild
417127016;ROLLER_PULLEY;BRP;7.000;;;нет;;BRP;показывается;2886.00;
505071779;SKI STOPPER;BRP;7.000;;;нет;;BRP;показывается;2018.00;
415129944;SPARK PLUG NGK MR8BI-8;BRP;7.000;;;нет;;BRP;показывается;2981.00;
SM-09344;SPI CONNECTING ROD KIT - MAG & PTO;SPI;7.000;;;нет;;aftermarket;показывается;10509.00;
09-710278;SPI TOP END GASKET SET;SPI;7.000;;;нет;;aftermarket;показывается;7299.00;
250100198;SPRING NUT U M6 X 1.0;BRP;7.000;;;нет;;BRP;показывается;256.00;
420841550;TAPPING SCREW M5 X 22;BRP;7.000;;;нет;;BRP;показывается;210.00;
420650300;THERMOSTAT GASKET;BRP;7.000;;;нет;;BRP;показывается;1044.00;
706202044;BALL JOINT;BRP;6.000;;;нет;;BRP;показывается;4138.00;
AT-08532;BRONCO UNIVERSAL JOINT;BRONCO PRODUCTS;6.000;;;нет;;aftermarket;показывается;2762.00;
417004305;BUSHING;BRP;6.000;;;нет;;BRP;показывается;578.00;
709400783;BUSHING_HALF;BRP;6.000;;;нет;;BRP;показывается;769.00;
706004640;BUSHING_STABILIZER BAR;BRP;6.000;;;нет;;BRP;показывается;1154.00;
706204796;BUSHING_STABILIZER BAR;BRP;6.000;;;нет;;BRP;показывается;1154.00;
506153294;CAP;BRP;6.000;;;нет;;BRP;показывается;3175.00;
420236351;CHAIN GUIDE;BRP;6.000;;;нет;;BRP;показывается;1768.00;
514054174;EXHAUST GASKET;BRP;6.000;;;нет;;BRP;показывается;3463.00;
420831849;GASKET 1.0 MM;BRP;6.000;;;нет;;BRP;показывается;992.00;
420430070;GASKET ENGINE SUPPORT;BRP;6.000;;;нет;;BRP;показывается;2981.00;
506152578;HEATING ELEMENT 20 WATT;BRP;6.000;;;нет;;BRP;показывается;6641.00;
233281434;HEX. FLANGED ELASTIC NUT M8;BRP;6.000;;;нет;;BRP;показывается;259.00;
236281684;HEX. SCREW M8 X 16;BRP;6.000;;;нет;;BRP;показывается;501.00;
861805521;HOOK KIT;BRP;6.000;;;нет;;BRP;показывается;582.00;
506153177;INSULATION_THERMAL;BRP;6.000;;;нет;;BRP;показывается;703.00;
420667533;INTAKE SOCKET WITH REED VALVE;BRP;6.000;;;нет;;BRP;показывается;28602.00;
420250407;O-RING;BRP;6.000;;;нет;;BRP;показывается;231.00;
705501711;O-RING;BRP;6.000;;;нет;;BRP;показывается;1163.00;
420250890;O-RING;BRP;6.000;;;нет;;BRP;показывается;370.00;
420851683;OETIKER CLAMP;BRP;6.000;;;нет;;BRP;показывается;1270.00;
420650315;OIL SEAL;BRP;6.000;;;нет;;BRP;показывается;1426.00;
705501557;OIL SEAL;BRP;6.000;;;нет;;BRP;показывается;2308.00;
250400101;PIN_SPRING 2.6MM X 20.5MM;BRP;6.000;;;нет;auto_translation;BRP;показывается;131.00;
420889174;PISTON ASS?Y, 76.13 MM, OVERSIZE;BRP;6.000;;;нет;;BRP;показывается;21859.00;
420916480;PISTON PIN;BRP;6.000;;;нет;;BRP;показывается;4716.00;
293150183;RIVET_HEMLOK 6,4 X 18;BRP;6.000;;;нет;;BRP;показывается;259.00;
517305734;ROD_RETAINING;BRP;6.000;;;нет;;BRP;показывается;426.00;
417222947;ROLLER;BRP;6.000;СНЕГОХОД;;нет;auto_translation;BRP;показывается;2500.00;
417224947;ROLLER_PULLEY ASSY;BRP;6.000;;;нет;;BRP;показывается;4426.00;
417224153;ROLLER_PULLEY INT;BRP;6.000;;;нет;;BRP;показывается;2018.00;
715900118;RUBBER BOOT;BRP;6.000;;;нет;;BRP;показывается;1732.00;
SM-09112;SPI CONNECTING ROD KIT;SPI;6.000;;;нет;;aftermarket;показывается;9845.00;
277001802;SWITCH KNOB, RED;BRP;6.000;;;нет;;BRP;показывается;1270.00;
293250084;WATERTIGHT SEAL;BRP;6.000;;;нет;;BRP;показывается;923.00;
570063600;WHEEL CAP;BRP;6.000;;;нет;;BRP;показывается;410.00;
AT-05266;WILDBOAR BRAKE PADS SEMI METAL;WILDBOAR;6.000;;;нет;;aftermarket;показывается;1961.00;
420832596;BALL BEARING;BRP;5.000;;;нет;;BRP;показывается;11650.00;
505072976;BLACK HANDLE;BRP;5.000;;;нет;;BRP;показывается;4426.00;
AT-08545;BRONCO CV JOINT BOOT KIT;BRONCO PRODUCTS;5.000;;;нет;;aftermarket;показывается;1433.00;
AT-08533;BRONCO UNIVERSAL JOINT;BRONCO PRODUCTS;5.000;;;нет;;aftermarket;показывается;2428.00;
420233980;BUSHING HALF;BRP;5.000;;;нет;;BRP;показывается;3368.00;
420236584;CHAIN GUIDE;BRP;5.000;;;нет;;BRP;показывается;914.00;
420436014;CHAIN TENSION GUIDE;BRP;5.000;;;нет;;BRP;показывается;2981.00;
513034279;FILTER_FUEL;BRP;5.000;;;нет;;BRP;показывается;2886.00;
515175664;HEATING GRIP;BRP;5.000;;;нет;;BRP;показывается;8472.00;
517306310;LATCH - LEFT;BRP;5.000;;;нет;;BRP;показывается;2018.00;
517306309;LATCH - RIGHT;BRP;5.000;;;нет;;BRP;показывается;2018.00;
420854904;LOWER EXHAUST VALVE;BRP;5.000;;;нет;;BRP;показывается;7316.00;
293300086;O-RING;BRP;5.000;;;нет;;BRP;показывается;460.00;
293650199;OETIKER CLAMP;BRP;5.000;;;нет;;BRP;показывается;1085.00;
293650100;OETIKER CLAMP;BRP;5.000;;;нет;;BRP;показывается;406.00;
293650030;OETIKER CLAMP;BRP;5.000;;;нет;;BRP;показывается;610.00;
619230019;OIL SEAL;BRP;5.000;;;нет;;BRP;показывается;2403.00;
506152163;PLATE;BRP;5.000;;;нет;;BRP;показывается;1280.00;
515176774;RELAY, 30 AMP;BRP;5.000;;;нет;;BRP;показывается;2403.00;
293150120;RIVET_HEMLOK 6,4 X 19;BRP;5.000;;;нет;;BRP;показывается;906.00;
420941256;SCREW TORX TAPTITE FLANGE M6X20;BRP;5.000;;;нет;;BRP;Уточнить цену;;
420281296;SLIDER SHOE SET 1 SET = 12 PC;BRP;5.000;;;нет;;BRP;показывается;5293.00;
415130795;SPARK PLUG NGK CR8EB;BRP;5.000;;;нет;;BRP;показывается;1385.00;
715900637;SPARK PLUG NGK DCPR8E;BRP;5.000;;;нет;;BRP;показывается;923.00;
SM-09113;SPI CONNECTING ROD KIT;SPI;5.000;;;нет;;aftermarket;показывается;9845.00;
SM-09510;SPI CONNECTING ROD SKI DOO;SPI;5.000;;;нет;;aftermarket;показывается;17703.00;
SM-09507T;SPI TOP END GASKET SET;SPI;5.000;;;нет;;aftermarket;показывается;11726.00;
SM-09537T;SPI, TOP END GASKET SET;SPI;5.000;;;нет;;aftermarket;показывается;11062.00;
415107100;SPRING;BRP;5.000;;;нет;;BRP;показывается;776.00;
420881102;SUPERCHARGER KIT;BRP;5.000;;;нет;;BRP;показывается;66742.00;
250000722;TORX SCREW M6 X 20;BRP;5.000;;;нет;;BRP;показывается;198.00;
705400036;WEAR RING;BRP;5.000;;;нет;;BRP;показывается;3175.00;
AT-05267;WILDBOAR BRAKE PADS SEMI METAL;WILDBOAR;5.000;;;нет;;aftermarket;показывается;1592.00;
707001274;ADAPTOR;BRP;4.000;;;нет;;BRP;показывается;1923.00;
293350150;BALL BEARING;BRP;4.000;;;нет;;BRP;показывается;6738.00;
420832178;BALL BEARING;BRP;4.000;;;нет;;BRP;показывается;14155.00;
420933492;BEARING SLEEVE;BRP;4.000;;;нет;;BRP;показывается;5108.00;
705004987;BRACKET COVER;BRP;4.000;;;нет;;BRP;показывается;625.00;
291000339;BUMPER PLUG, BLACK;BRP;4.000;;;нет;;BRP;показывается;347.00;
505072209;BUSHING;BRP;4.000;;;нет;;BRP;показывается;1801.00;
505072143;BUSHING;BRP;4.000;;;нет;;BRP;показывается;1079.00;
420233965;BUSHING;BRP;4.000;;;нет;;BRP;показывается;2886.00;
706200186;BUSHING;BRP;4.000;;;нет;;BRP;показывается;684.00;
505072208;BUSHING;BRP;4.000;;;нет;;BRP;показывается;392.00;
293250389;BUSHING;BRP;4.000;;;нет;;BRP;показывается;1154.00;
706201590;BUSHING-INT.;BRP;4.000;;;нет;;BRP;показывается;1385.00;
420867105;CARBURETOR SOCKET;BRP;4.000;;;нет;;BRP;показывается;7991.00;
420236510;CHAIN TENSIONER HOUSING;BRP;4.000;;;нет;;BRP;показывается;1389.00;
420236521;CHAIN TENSIONER PLUNGER;BRP;4.000;;;нет;;BRP;показывается;1813.00;
414227300;CLIP;BRP;4.000;;;нет;;BRP;показывается;181.00;
420641640;CONNECTING ROD SCREW M8 X 1;BRP;4.000;;;нет;;BRP;Уточнить цену;;
420854371;EXHAUST VALVE;BRP;4.000;;;нет;;BRP;показывается;7219.00;
420854890;EXHAUST VALVE;BRP;4.000;;;нет;;BRP;показывается;1401.00;
420854980;EXHAUST VALVE, UPPER;BRP;4.000;;;нет;;BRP;показывается;2596.00;
707002585;FLEXIBLE ADAPTOR;BRP;4.000;;;нет;;BRP;показывается;1848.00;
420931813;GASKET;BRP;4.000;;;нет;;BRP;показывается;1683.00;
420630265;GASKET;BRP;4.000;;;нет;;BRP;показывается;1044.00;
420931542;GASKET;BRP;4.000;;;нет;;BRP;показывается;828.00;
420430482;GASKET;BRP;4.000;;;нет;;BRP;показывается;1030.00;
420430037;GASKET VALVE ROD HOUSING;BRP;4.000;;;нет;;BRP;показывается;1030.00;
420933442;HALF BUSHING;BRP;4.000;;;нет;;BRP;показывается;2211.00;
267000206;IMPELLER BOOT;BRP;4.000;;;нет;;BRP;Уточнить цену;;
506153176;INSULATION_THERMAL;BRP;4.000;;;нет;;BRP;показывается;714.00;
707000949;ISOLATOR;BRP;4.000;;;нет;;BRP;показывается;1385.00;
505074133;JOINT_BALL LWR;BRP;4.000;;;нет;;BRP;показывается;6449.00;
415129781;MAINTENANCE CLUTCH KIT eDrive II;BRP;4.000;;;нет;;BRP;показывается;13962.00;
293350017;NEEDLE BEARING;BRP;4.000;;;нет;;BRP;показывается;3175.00;
420832030;NEEDLE BEARING;BRP;4.000;;;нет;;BRP;показывается;3656.00;
420632435;NEEDLE PIN;BRP;4.000;;;нет;;BRP;показывается;4619.00;
420230306;O-RING;BRP;4.000;;;нет;;BRP;показывается;1376.00;
420631610;O-RING;BRP;4.000;;;нет;;BRP;Уточнить цену;;
420950940;OIL SEAL;BRP;4.000;;;нет;;BRP;показывается;4041.00;
705501996;OIL SEAL;BRP;4.000;;;нет;;BRP;показывается;2596.00;
420852633;PAWL;BRP;4.000;;;нет;;BRP;показывается;4041.00;
715500337;PIN KIT;BRP;4.000;;;нет;;BRP;показывается;2308.00;
417127294;PIN_ROLLER;BRP;4.000;;;нет;;BRP;показывается;1701.00;
420893970;PISTON ASS'Y, 73.958 MM;BRP;4.000;;;нет;;BRP;показывается;23496.00;
01.5595.050;PROX PISTON KIT SKI DOO MXZ500;PROX;4.000;;;нет;;aftermarket;показывается;13095.00;
01.5600.000;PROX PISTON KIT SKI-DOO MXZ600 '03-09;PROX;4.000;;;нет;auto_translation;aftermarket;показывается;13095.00;
01.5699.050;PROX PISTON KIT SKI-DOO MXZ600 '99-01;PROX;4.000;;;нет;;aftermarket;показывается;13095.00;
01.5503.000;PROX PISTON KIT SKI-DOO MZX550;PROX;4.000;;;нет;;aftermarket;показывается;13095.00;
01.5400.000;PROX PISTON KIT SKI-DOOMXZ500 LEGEND 500;PROX;4.000;;;нет;;aftermarket;показывается;13095.00;
421000702;REBUILD-CYLINDER NI SI C;BRP;4.000;;;нет;;BRP;показывается;91687.00;rebuild
420924798;REED VALVE ASS'Y;BRP;4.000;;;нет;;BRP;показывается;4908.00;
505071812;RETAINER;BRP;4.000;;;нет;;BRP;показывается;554.00;
517305723;RING;BRP;4.000;;;нет;;BRP;показывается;415.00;
420931590;RUBBER RING;BRP;4.000;;;нет;;BRP;показывается;713.00;
605348439;RUBBER STOPPER;BRP;4.000;;;нет;;BRP;показывается;4716.00;
420840096;SCREW-HEX.M8 X 60;BRP;4.000;;;нет;;BRP;показывается;259.00;
420297063;SILENT CHAIN;BRP;4.000;;;нет;;BRP;показывается;7991.00;
505073209;SKI AXLE;BRP;4.000;;;нет;;BRP;показывается;1589.00;
505074831;SKI STOPPER;BRP;4.000;;;нет;;BRP;показывается;2018.00;
706001282;SPACER;BRP;4.000;;;нет;;BRP;показывается;1376.00;
SM-09101;SPI CONNECTING ROD KIT;SPI;4.000;;;нет;;aftermarket;показывается;10289.00;
SM-09188-4A;SPI CRANK WEB SKI-DOO PTO SIDE;SPI;4.000;;;нет;;aftermarket;показывается;17481.00;
09-710259;SPI TOP END GASKET SET;SPI;4.000;;;нет;;aftermarket;показывается;7853.00;
420238558;SPRING;BRP;4.000;;;нет;;BRP;показывается;653.00;
515176088;START/RER BUTTON;BRP;4.000;;;нет;;BRP;показывается;2308.00;
420660124;TORQUE GEAR;BRP;4.000;;;нет;;BRP;показывается;2886.00;
250000586;TORX-TRUSS M/S NYLON PATCH M5X20;BRP;4.000;;;нет;;BRP;показывается;535.00;
414803100;UPPER CUSHION;BRP;4.000;;;нет;;BRP;показывается;1054.00;
420980514;V-BELT;BRP;4.000;;;нет;;BRP;показывается;4716.00;
420854442;VALVE COVER;BRP;4.000;;;нет;;BRP;показывается;4426.00;
250200014;WASHER;BRP;4.000;;;нет;;BRP;показывается;173.00;
706201660;WEAR PLATE;BRP;4.000;;;нет;;BRP;показывается;112.00;
AT-05612;WILDBOAR BRAKE PADS SEMI METAL;WILDBOAR;4.000;;;нет;;aftermarket;показывается;1646.00;
420924798 карбон;Лепестки Rotax797;;4.000;;;нет;;нет;Уточнить цену;;без производителя, нет каталога поставщика, название уже по-русски
705002409;AMBER REFLECTOR;BRP;3.000;;;нет;;BRP;Уточнить цену;;
420832575;BALL BEARING;BRP;3.000;;;нет;;BRP;показывается;6353.00;
420832672;BALL BEARING;BRP;3.000;;;нет;;BRP;показывается;12132.00;
420260725;BELLOWS;BRP;3.000;;;нет;;BRP;показывается;5196.00;
860200239;BLACK LATCH KIT;BRP;3.000;;;нет;;BRP;показывается;2018.00;
705501864;BOOT CV JOINT KIT;BRP;3.000;;;нет;;BRP;показывается;5196.00;
705400512;BOOT CV JOINT KIT;BRP;3.000;;;нет;;BRP;показывается;5196.00;
AT-08812;BRONCO BALL JOINT;BRONCO PRODUCTS;3.000;;;нет;;aftermarket;показывается;1671.00;
AT-08776;BRONCO TIE ROD END;BRONCO PRODUCTS;3.000;КВАДРОЦИКЛ;;нет;auto_translation;aftermarket;показывается;3313.00;
420233960;BUSHING;BRP;3.000;;;нет;;BRP;показывается;2886.00;
420233995;BUSHING HALF;BRP;3.000;;;нет;;BRP;показывается;2500.00;
417224113;CAM MOLDED;BRP;3.000;;;нет;;BRP;показывается;1080.00;
420960770;CAP;BRP;3.000;СНЕГОХОД;;нет;auto_translation;BRP;показывается;501.00;
420231070;CENTRIFUGAL WEIGHT;BRP;3.000;;;нет;;BRP;показывается;2211.00;
420660543;CHECK VALVE;BRP;3.000;;;нет;;BRP;показывается;3560.00;
293370038;CIRCLIP;BRP;3.000;;;нет;;BRP;показывается;1154.00;
506152709;CLEAR HANDLE BAR;BRP;3.000;;;нет;;BRP;показывается;10205.00;
420942331;COLLAR NUT M8;BRP;3.000;;;нет;;BRP;показывается;535.00;
420413575RG4;CYLINDER BLOCK PLASMA REBUILD G4;;3.000;;;нет;;нет;Уточнить цену;;без производителя, нет каталога поставщика, rebuild
420231090;DEKO WASHER;BRP;3.000;;;нет;;BRP;показывается;1501.00;
420831021;DOUBLE GASKET 0.6 MM;BRP;3.000;;;нет;;BRP;показывается;2308.00;
272000173;DRIVE SHAFT PLUG;BRP;3.000;;;нет;;BRP;показывается;1038.00;
732601143;FLANGED SCREW;BRP;3.000;;;нет;;BRP;показывается;503.00;
420460430;FRICTION WASHER;BRP;3.000;;;нет;;BRP;показывается;1596.00;
518327487;FRONT SUSPENSION SUPPORT;BRP;3.000;;;нет;;BRP;показывается;33513.00;
420431041;GASKET;BRP;3.000;;;нет;;BRP;показывается;2403.00;
506152560;GRIP 148MM;BRP;3.000;;;нет;;BRP;показывается;2018.00;
271002228;GUARD;BRP;3.000;;;нет;;BRP;показывается;1501.00;
506152825;HANDLEBAR ANODIZED;BRP;3.000;;;нет;;BRP;показывается;9820.00;
420440568;HEX. DISTANCE SCREW M6 X 30.5;BRP;3.000;;;нет;;BRP;показывается;1051.00;
420641762;HEX. FLANGED SCREW M10 X 150;BRP;3.000;;;нет;;BRP;показывается;2115.00;
503190434;LABYRINTH SEAL;BRP;3.000;;;нет;;BRP;показывается;538.00;
420632070;NEEDLE BEARING;BRP;3.000;;;нет;;BRP;показывается;2886.00;
420230920;O-RING;BRP;3.000;;;нет;;BRP;Уточнить цену;;
293300090;O-RING;BRP;3.000;;;нет;;BRP;показывается;883.00;
619230028;O-RING;BRP;3.000;;;нет;;BRP;показывается;535.00;
293300122;O-RING;BRP;3.000;;;нет;;BRP;показывается;259.00;
420631220;O-RING;BRP;3.000;;;нет;;BRP;показывается;1701.00;
705502065;O-RING;BRP;3.000;;;нет;;BRP;показывается;750.00;
293300022;O-RING, 64 MM X 2 MM;BRP;3.000;;;нет;;BRP;показывается;1568.00;
293650099;OETIKER CLAMP;BRP;3.000;;;нет;;BRP;показывается;501.00;
420631933;OIL SEAL;BRP;3.000;;;нет;;BRP;показывается;3368.00;
705401618;OIL SEAL;BRP;3.000;;;нет;;BRP;показывается;2211.00;
420831956;OIL SEAL;BRP;3.000;;;нет;;BRP;показывается;3945.00;
420650682;OIL SEAL;BRP;3.000;;;нет;;BRP;показывается;2308.00;
420931284;OIL SEAL;BRP;3.000;СНЕГОХОД;;нет;auto_translation;BRP;показывается;2886.00;
619230031;OIL SEAL;BRP;3.000;;;нет;;BRP;показывается;2403.00;
420931910;OIL SEAL;BRP;3.000;;;нет;;BRP;показывается;4619.00;
417222594;PIN;BRP;3.000;;;нет;;BRP;показывается;1767.00;
417222813;PIN SCREW;BRP;3.000;;;нет;;BRP;показывается;2596.00;
420889050;PISTON ASS'Y 75.86 MM, STANDARD;BRP;3.000;;;нет;;BRP;показывается;21859.00;
420893436;PISTON ASS'Y, 81.852 MM;BRP;3.000;;;нет;;BRP;показывается;30047.00;
420889173;PISTON ASS?Y, 75.88 MM, STANDARD;BRP;3.000;;;нет;;BRP;показывается;21859.00;
512060671;PLASTIC NUT;BRP;3.000;;;нет;;BRP;показывается;123.00;
519000376;PUMP_HYDRAULIC;BRP;3.000;;;нет;;BRP;показывается;25712.00;
519000375;PUMP_HYDRAULIC;BRP;3.000;;;нет;;BRP;показывается;25712.00;
517304296;QUARTER-TURN HANDLE;BRP;3.000;;;нет;;BRP;показывается;1830.00;
417223098;RAMP 441;BRP;3.000;;;нет;;BRP;показывается;4041.00;
417222883;RAMP 614;BRP;3.000;;;нет;;BRP;показывается;4041.00;
293370183;RETAINING RING_EXTERNAL;BRP;3.000;;;нет;;BRP;показывается;440.00;
417224916;ROLLER_PULLEY EXT;BRP;3.000;;;нет;;BRP;показывается;4138.00;
420650371;ROTARY SEAL;BRP;3.000;;;нет;;BRP;показывается;5293.00;
512060448;RUBBER MOUNT;BRP;3.000;;;нет;;BRP;показывается;6256.00;
605348954;RUNNER PROTECTOR;BRP;3.000;;;нет;;BRP;показывается;2211.00;
250000290;SCREW HEX. M10 X 60;BRP;3.000;;;нет;;BRP;Уточнить цену;;
250001044;SCREW-HEX.FLANGE M10 X 16 S.GRIP;BRP;3.000;;;нет;;BRP;показывается;259.00;
420460830;SEALING CUP;BRP;3.000;;;нет;;BRP;показывается;2596.00;
417212500;SHOE CAM SLIDER;BRP;3.000;;;нет;;BRP;показывается;647.00;
420231080;SPACER;BRP;3.000;;;нет;;BRP;показывается;2308.00;
09-710277;SPI TOP END GASKET SET;SPI;3.000;;;нет;;aftermarket;показывается;3425.00;
292001046;SPONSON ADAPTER;BRP;3.000;;;нет;;BRP;показывается;5430.00;
514055203;STOPPER;BRP;3.000;;;нет;;BRP;показывается;2403.00;
706203286;SWAY BAR BUSHING;BRP;3.000;;;нет;;BRP;Уточнить цену;;
572100901;SWITCH COVER;BRP;3.000;;;нет;;BRP;показывается;1820.00;
293350022;THRUST-BEARING;BRP;3.000;;;нет;;BRP;показывается;5293.00;
250000763;TORX-TRUSS M/S M5 X 14 S.GRIP;BRP;3.000;;;нет;;BRP;показывается;268.00;
AT-05266F;WILDBOAR BRAKE PADS FULL METAL;WILDBOAR;3.000;;;нет;;aftermarket;показывается;2699.00;
AT-05611;WILDBOAR BRAKE PADS SEMI METAL;WILDBOAR;3.000;;;нет;;aftermarket;показывается;1519.00;
707800288;AIR FILTER;BRP;2.000;;;нет;;BRP;показывается;6353.00;
508000807;AIR FILTER LH (NITEX MESH);BRP;2.000;;;нет;;BRP;показывается;4041.00;
508000906;AIR FILTER RH, (NITEX MESH);BRP;2.000;;;нет;;BRP;показывается;4619.00;
51-1046-L;ALL BALLS TIE ROD END KIT LEFT;ALL BALLS RACING INC;2.000;;;нет;;aftermarket;показывается;12677.00;
619230037;ALLEN SCREW M8 X 10;BRP;2.000;;;нет;;BRP;показывается;738.00;
271002182;ANGLED BEARING;BRP;2.000;;;нет;;BRP;показывается;9820.00;
293350051;BALL BEARING;BRP;2.000;;;нет;;BRP;показывается;5693.00;
271001422;BELLOW;BRP;2.000;;;нет;;BRP;Уточнить цену;;
272000184;BELLOWS;BRP;2.000;;;нет;;BRP;показывается;3175.00;
422280366;BELT DRIVE;BRP;2.000;;;нет;;BRP;показывается;22534.00;
605348425;BELT_DRIVE;BRP;2.000;;;нет;;BRP;показывается;19355.00;
417300155;BELT_DRIVE;BRP;2.000;;;нет;;BRP;показывается;16851.00;
417300551;BELT_DRIVE;BRP;2.000;;;нет;;BRP;показывается;22534.00;
204950033;BIMINI POST;BRP;2.000;;;нет;;BRP;показывается;7043.00;
505070963;BLACK HANDLE;BRP;2.000;;;нет;;BRP;показывается;4426.00;
710000817;BLACK-ELECTRONIC KEY;BRP;2.000;;;нет;;BRP;показывается;6931.00;
7518696;BOLT-M10X1.5X150,HXHD FLG;POLARIS;2.000;;;нет;;POLARIS;показывается;459.00;
705401354;BOOT CV JOINT KIT;BRP;2.000;;;нет;;BRP;показывается;5196.00;
705401346;BOOT CV JOINT KIT;BRP;2.000;;;нет;;BRP;показывается;5196.00;
715900298;BOOT_CV JOINT KIT;BRP;2.000;;;нет;;BRP;показывается;5196.00;
715900299;BOOT_CV JOINT KIT;BRP;2.000;;;нет;;BRP;показывается;5196.00;
705500870;BOOT_CV JOINT KIT;BRP;2.000;;;нет;;BRP;показывается;5196.00;
705400511;BOOT_CV JOINT KIT;BRP;2.000;;;нет;;BRP;показывается;5196.00;
AT-08810;BRONCO BALL JOINT;BRONCO PRODUCTS;2.000;;;нет;;aftermarket;показывается;2206.00;
AT-08819;BRONCO BALL JOINT;BRONCO PRODUCTS;2.000;;;нет;;aftermarket;показывается;2650.00;
AT-03081;BRONCO CV BOOT KIT;BRONCO PRODUCTS;2.000;;;нет;;aftermarket;показывается;1764.00;
AT-08503;BRONCO UNIVERSAL JOINT;BRONCO PRODUCTS;2.000;;;нет;;aftermarket;показывается;2428.00;
619230020;BUSHING;BRP;2.000;;;нет;;BRP;показывается;1173.00;
417222758;BUSHING;BRP;2.000;;;нет;;BRP;показывается;2596.00;
417223471;BUSHING;BRP;2.000;;;нет;;BRP;показывается;742.00;
417004201;BUSHING;BRP;2.000;;;нет;;BRP;показывается;2981.00;
706004641;BUSHING_STABILIZER BAR;BRP;2.000;;;нет;;BRP;показывается;1154.00;
420881148;CARBON BRUSH SET;BRP;2.000;;;нет;;BRP;показывается;8376.00;
420867300;CARBURETOR SOCKET;BRP;2.000;;;нет;;BRP;показывается;7894.00;
504153312;CHAIN SLIDER;BRP;2.000;;;нет;;BRP;показывается;8472.00;
420956071;CHECK VALVE;BRP;2.000;;;нет;;BRP;показывается;2981.00;
420956511;CHECK VALVE;BRP;2.000;;;нет;;BRP;показывается;4234.00;
420845611;CIRCLIP;BRP;2.000;;;нет;;BRP;показывается;4098.00;
420845580;CIRCLIP;BRP;2.000;;;нет;;BRP;показывается;316.00;
293650350;CLAMP_CRIMP;BRP;2.000;;;нет;;BRP;показывается;460.00;
420638040;COMPRESSION SPRING;BRP;2.000;;;нет;;BRP;показывается;7509.00;
706000009;CONE BEARING;BRP;2.000;;;нет;;BRP;показывается;3463.00;
420917546;CONNECTING ROD ASS?Y;BRP;2.000;;;нет;;BRP;показывается;19163.00;
SM-09352;CONNECTING ROD KIT;SPI;2.000;;;нет;;aftermarket;показывается;9624.00;
706000749;COVER;BRP;2.000;;;нет;;BRP;показывается;1923.00;
705007171;CUP;BRP;2.000;;;нет;;BRP;показывается;775.00;
706200185;CUSHION;BRP;2.000;;;нет;;BRP;показывается;782.00;
505072204;DOUBLE BALL JOINT LINK;BRP;2.000;;;нет;;BRP;показывается;2403.00;
420831022;DOUBLE GASKET 0.7 MM;BRP;2.000;;;нет;;BRP;показывается;2308.00;
518326449;DRAFT BAR;BRP;2.000;;;нет;;BRP;показывается;2789.00;
707001179;DRAIN PLUG KIT;BRP;2.000;;;нет;;BRP;показывается;1154.00;
269800521;DRAIN PLUG NECK;BRP;2.000;;;нет;;BRP;показывается;1385.00;
417224044;DRIVE SLIDING SHEAVE ASSY;BRP;2.000;;;нет;;BRP;показывается;24846.00;
420260723;EXHAUST BELLOWS;BRP;2.000;;;нет;;BRP;показывается;5196.00;
707601033;EXHAUST GASKET;BRP;2.000;;;нет;;BRP;показывается;1683.00;
274001302;EXHAUST HOSE;BRP;2.000;;;нет;;BRP;показывается;4619.00;
420931653;EXHAUST MANIFOLD GASKET;BRP;2.000;;;нет;;BRP;показывается;5532.00;
420854449;EXHAUST VALVE;BRP;2.000;;;нет;;BRP;показывается;4426.00;
250000418;FLANGED HEX. SCREW M6 X 18, SCOTCH GRIP;BRP;2.000;;;нет;;BRP;показывается;484.00;
619230055;FORK, FORWARDS;BRP;2.000;;;нет;;BRP;показывается;17622.00;
420874410;FUEL RAIL;BRP;2.000;;;нет;;BRP;показывается;2115.00;
420651211;GASKET;BRP;2.000;;;нет;;BRP;показывается;3271.00;
420431848;GASKET;BRP;2.000;;;нет;;BRP;показывается;2211.00;
420630642;GASKET;BRP;2.000;;;нет;;BRP;показывается;653.00;
420630260;GASKET;BRP;2.000;;;нет;;BRP;показывается;1044.00;
420430126;GASKET;BRP;2.000;;;нет;;BRP;показывается;5196.00;
420430051;GASKET COVER WATER PUMP;BRP;2.000;;;нет;;BRP;показывается;1701.00;
420631001;GASKET VALVE ROD HOUSING;BRP;2.000;;;нет;;BRP;показывается;1442.00;
420853023;GEAR CLAMP;BRP;2.000;;;нет;;BRP;показывается;906.00;
506152486;GRIP;BRP;2.000;;;нет;;BRP;показывается;1842.00;
860201802;GRIP HANDLEBAR;BRP;2.000;;;нет;;BRP;показывается;4811.00;
271002225;GUARD;BRP;2.000;;;нет;;BRP;показывается;1385.00;
417009205;GUARD;BRP;2.000;;;нет;;BRP;показывается;2115.00;
705601893;GUARD_HOSE F;BRP;2.000;;;нет;;BRP;показывается;576.00;
269800431;HAIRPIN CUTTER;BRP;2.000;;;нет;;BRP;показывается;125.00;
420933862;HALF BUSHING;BRP;2.000;;;нет;;BRP;показывается;2403.00;
709400034;HALF-HOUSING;BRP;2.000;;;нет;;BRP;показывается;4753.00;
420933470;HALF-RING;BRP;2.000;;;нет;;BRP;показывается;906.00;
506152428;HEATED FILM, 25W;BRP;2.000;;;нет;;BRP;показывается;4716.00;
207581646;HEX. FLANGED SCREW M8 X 16, SCOTCH GRIP;BRP;2.000;;;нет;;BRP;показывается;259.00;
207087060;HEX. SCREW M8 X 70;BRP;2.000;;;нет;;BRP;показывается;323.00;
570027100;HOOD LATCH;BRP;2.000;;;нет;;BRP;показывается;1402.00;
271000516;IMPELLER BOOT;BRP;2.000;;;нет;;BRP;показывается;1057.00;
420267042;INTAKE NECK;BRP;2.000;;;нет;;BRP;показывается;2115.00;
706200444;JOINT ATTACHMENT;BRP;2.000;;;нет;;BRP;показывается;5776.00;
517304289;LATCH PANNEL;BRP;2.000;;;нет;;BRP;показывается;1241.00;
517304572;LATCH-PANEL;BRP;2.000;;;нет;;BRP;показывается;1186.00;
507032476;LEVER;BRP;2.000;;;нет;;BRP;показывается;12710.00;
508000731;LH AIR FILTER;BRP;2.000;;;нет;;BRP;показывается;5101.00;
414803200;LOWER CUSHION;BRP;2.000;;;нет;;BRP;показывается;1466.00;
506153048;LOWER HALF-HOUSING;BRP;2.000;;;нет;;BRP;показывается;697.00;
512060692;MANIFOLD;BRP;2.000;;;нет;;BRP;показывается;5389.00;
507032478;MASTER CYLINDER RESERVOIR ASS'Y;BRP;2.000;;;нет;;BRP;показывается;13769.00;
611002529;NEEDLE BEARING;BRP;2.000;;;нет;;BRP;показывается;3271.00;
705402848;NEEDLE BEARING;BRP;2.000;;;нет;;BRP;показывается;5776.00;
293200134;NEOPRENE SEAL;BRP;2.000;;;нет;;BRP;показывается;1905.00;
614602431;O RING;BRP;2.000;;;нет;;BRP;показывается;1317.00;
293300117;O-RING;BRP;2.000;;;нет;;BRP;показывается;535.00;
293300068;O-RING;BRP;2.000;;;нет;;BRP;показывается;784.00;
705500267;O-RING;BRP;2.000;;;нет;;BRP;показывается;782.00;
420631612;O-RING;BRP;2.000;;;нет;;BRP;показывается;522.00;
420950410;O-RING;BRP;2.000;;;нет;;BRP;показывается;4644.00;
705002665;OBLONG GROMMET;BRP;2.000;;;нет;;BRP;Уточнить цену;;
09-780;OEM STYLE PISTON KIT WITH RINGS TEFLON COATED STD.;SPI;2.000;;;нет;;aftermarket;показывается;8295.00;
515176508;OIL LEVEL SENSOR;BRP;2.000;;;нет;;BRP;показывается;3753.00;
420856533;OIL PRESSURE SWITCH;BRP;2.000;;;нет;;BRP;показывается;5196.00;
420256978;OIL PRESSURE SWITCH;BRP;2.000;;;нет;;BRP;показывается;5871.00;
420256915;OIL PRESSURE SWITCH;BRP;2.000;;;нет;;BRP;показывается;4811.00;
420820090;OIL PUMP SHAFT;BRP;2.000;;;нет;;BRP;показывается;2308.00;
267000094;OIL SEAL;BRP;2.000;;;нет;;BRP;показывается;2886.00;
420430325;OIL SEAL;BRP;2.000;;;нет;;BRP;показывается;1057.00;
420230195;OIL SEAL;BRP;2.000;;;нет;;BRP;показывается;1874.00;
420430580;OIL SEAL;BRP;2.000;;;нет;;BRP;показывается;2886.00;
705501556;OIL SEAL;BRP;2.000;;;нет;;BRP;показывается;2211.00;
293250138;OIL SEAL;BRP;2.000;;;нет;;BRP;показывается;2886.00;
420930392;OIL SEAL;BRP;2.000;;;нет;;BRP;показывается;1799.00;
420630152;OIL SEAL;BRP;2.000;;;нет;;BRP;показывается;2018.00;
619230010;OIL SEAL;BRP;2.000;;;нет;;BRP;показывается;2211.00;
420852639;PAWL;BRP;2.000;;;нет;;BRP;показывается;4041.00;
417224510;PIN;BRP;2.000;;;нет;;BRP;показывается;1154.00;
420890071;PISTON 72.16, 1ST OVERSIZE;BRP;2.000;;;нет;;BRP;показывается;21859.00;
420893895;PISTON ASS'Y WITH RINGS, 72.17MM;BRP;2.000;;;нет;;BRP;показывается;30047.00;
420893797;PISTON ASS'Y,;BRP;2.000;;;нет;;BRP;показывается;35055.00;
420889052;PISTON ASSY 76.36 MM, 2ND OVERSIZE;BRP;2.000;;;нет;;BRP;показывается;21859.00;
292002022;PLUG ASS'Y;BRP;2.000;;;нет;;BRP;показывается;1732.00;
420641150;PLUG SCREW;BRP;2.000;;;нет;;BRP;показывается;906.00;
504153054;PROTECTIVE RUBBER;BRP;2.000;;;нет;;BRP;показывается;2018.00;
271000459;PROTECTOR HOSE;BRP;2.000;;;нет;;BRP;показывается;1905.00;
01.5598.100;PROX PISTON KIT SKI DOO MXZ500 '98-99;PROX;2.000;;;нет;;aftermarket;показывается;13095.00;
01.5817.000;PROX PISTON KIT SKI-DOO 850 ETEC 2017-20;PROX;2.000;;;нет;;aftermarket;показывается;20512.00;
01.5699.000;PROX PISTON KIT SKI-DOO MXZ600 '99-01;PROX;2.000;;;нет;;aftermarket;показывается;13095.00;
01.5503.100;PROX PISTON KIT SKI-DOO MZX550;PROX;2.000;;;нет;;aftermarket;показывается;13095.00;
01.5400.050;PROX PISTON KIT SKI-DOOMXZ500 LEGEND 500;PROX;2.000;;;нет;;aftermarket;показывается;13095.00;
01.5400.100;PROX PISTON KIT SKI-DOOMXZ500 LEGEND 500;PROX;2.000;;;нет;;aftermarket;показывается;13095.00;
271002029;REDUCER;BRP;2.000;;;нет;;BRP;показывается;1923.00;
420924532;REED PEDAL;BRP;2.000;;;нет;;BRP;показывается;5486.00;
517302673;RETAINER CABLE;BRP;2.000;;;нет;;BRP;показывается;4667.00;
518325949;RH FRONT MEMBER;BRP;2.000;;;нет;;BRP;показывается;2308.00;
517305787;RH/LH MIRROR ASS'Y;BRP;2.000;;;нет;;BRP;показывается;8954.00;
293150151;RIVET_POP 1/4 X ,625;BRP;2.000;;;нет;;BRP;показывается;1038.00;
506152498;ROD_LINK;BRP;2.000;;;нет;;BRP;показывается;4619.00;
705400352;RUBBER BELLOW;BRP;2.000;;;нет;;BRP;Уточнить цену;;
705401093;RUBBER BOOT;BRP;2.000;;;нет;;BRP;показывается;576.00;
512059691;RUBBER MOUNT;BRP;2.000;;;нет;;BRP;показывается;5583.00;
420850045;RUBBER RING;BRP;2.000;;;нет;;BRP;показывается;5886.00;
503191291;RUBBER STOPPER;BRP;2.000;;;нет;;BRP;показывается;2308.00;
503190576;RUBBER STOPPER;BRP;2.000;;;нет;;BRP;показывается;1280.00;
503192299;RUNNER PROTECTOR;BRP;2.000;;;нет;;BRP;показывается;2981.00;
572075400;RUNNER PROTECTOR;BRP;2.000;;;нет;;BRP;показывается;1292.00;
250001024;SCREW HEX. M10 X 70;BRP;2.000;;;нет;;BRP;показывается;259.00;
271002071;SEAL;BRP;2.000;;;нет;;BRP;показывается;4041.00;
5444186;Seal;BRP;2.000;;;нет;;BRP;показывается;4889.00;
505074138;SKI STOPPER;BRP;2.000;;;нет;;BRP;показывается;3656.00;
505072594;SKI STOPPER;BRP;2.000;;;нет;;BRP;показывается;2211.00;
417223606;SLIDER FLANGE ASS'Y;BRP;2.000;;;нет;;BRP;показывается;24267.00;
520001405;SNOW GUARD;BRP;2.000;;;нет;;BRP;показывается;11265.00;
271001393;SPACER;BRP;2.000;;;нет;;BRP;показывается;951.00;
415129484;SPARK PLUG NGK PFR7AB;BRP;2.000;;;нет;;BRP;показывается;3463.00;
415130430;SPARK PLUG NGK PZFR6F;BRP;2.000;;;нет;;BRP;показывается;3463.00;
SM-09188-5A;SPI MAG CRANK WEB;SPI;2.000;;;нет;;aftermarket;показывается;17703.00;
SM-05179;SPI THROTTLE CABLE;SPI;2.000;;;нет;;aftermarket;показывается;4864.00;
420239943;SPRING;BRP;2.000;;;нет;;BRP;показывается;961.00;
514054226;SPRING;BRP;2.000;;;нет;;BRP;показывается;776.00;
420238120;SPRING;BRP;2.000;;;нет;;BRP;показывается;906.00;
250000958;SPRING NUT U M5 X 0.8;BRP;2.000;;;нет;;BRP;показывается;516.00;
417222312;SPRING SEAT;BRP;2.000;;;нет;;BRP;показывается;1036.00;
415129020;SPRING-COMPRESSION;BRP;2.000;;;нет;;BRP;показывается;11569.00;
420430041;SQUARE RING;BRP;2.000;;;нет;;BRP;показывается;713.00;
420660280;STOP SLEEVE;BRP;2.000;;;нет;;BRP;показывается;1693.00;
293850093;STRAP-FUEL TANK;BRP;2.000;;;нет;;BRP;показывается;2886.00;
417127116;SWIVEL ABUTMENT;BRP;2.000;;;нет;;BRP;показывается;1010.00;
420822655;THERMOSTAT;BRP;2.000;;;нет;;BRP;показывается;3945.00;
235381646;TORX FLAT HEAD SCREW M8X16, SCOTCHGRIP;BRP;2.000;;;нет;;BRP;показывается;310.00;
268000013;TRIANGLE;BRP;2.000;;;нет;;BRP;показывается;1216.00;
293650179;TRIDON GEAR CLAMP;BRP;2.000;;;нет;;BRP;показывается;1270.00;
420854900;UPPER EXHAUST VALVE;BRP;2.000;;;нет;;BRP;показывается;2596.00;
505071059;VIPER RED HANDLE;BRP;2.000;;;нет;;BRP;показывается;4619.00;
420822287;WATER PUMP HOUSING;BRP;2.000;;;нет;;BRP;показывается;10413.00;
705400520;WHEEL CAP;BRP;2.000;;;нет;;BRP;показывается;1448.00;
AT-05267F;WILDBOAR BRAKE PADS FULL METAL;WILDBOAR;2.000;;;нет;;aftermarket;показывается;2453.00;
5440645;Adjustment plate, extension;BRP;1.000;;;нет;;BRP;показывается;1748.00;
508000568;AIR FILTER;BRP;1.000;;;нет;;BRP;показывается;3368.00;
508000609;AIR FILTER;BRP;1.000;;;нет;;BRP;показывается;5776.00;
508000905;AIR FILTER LH  (NITEX MESH);BRP;1.000;;;нет;;BRP;показывается;4619.00;
508000806;AIR FILTER RH, (NITEX MESH);BRP;1.000;;;нет;;BRP;показывается;4041.00;
508000595;AIR INTAKE FILTER;BRP;1.000;;;нет;;BRP;показывается;5004.00;
51-1047-R;ALL BALLS TIE ROD END KIT RIGHT;ALL BALLS RACING INC;1.000;;;нет;;aftermarket;показывается;16217.00;
278003400;ANTI-THEFT TETHER CORD;BRP;1.000;;;нет;;BRP;показывается;8664.00;
503190643;AXLE BAR (LONG);BRP;1.000;;;нет;;BRP;показывается;1923.00;
709400439;BALL BEARING;BRP;1.000;;;нет;;BRP;показывается;2308.00;
293350074;BALL BEARING;BRP;1.000;;;нет;;BRP;показывается;5004.00;
420832590;BALL BEARING;BRP;1.000;;;нет;;BRP;показывается;5776.00;
3086878;BALL BEARING;POLARIS;1.000;;;нет;;POLARIS;Уточнить цену;;
420832584;BALL BEARING;BRP;1.000;;;нет;;BRP;показывается;5004.00;
420832600;BALL BEARING;BRP;1.000;;;нет;;BRP;показывается;9531.00;
420232100;BALL BEARING;BRP;1.000;;;нет;;BRP;показывается;2308.00;
420832702;BALL BEARING;BRP;1.000;;;нет;;BRP;показывается;10784.00;
204120074;BALL JOINT;BRP;1.000;;;нет;;BRP;показывается;4716.00;
507032437;BEARING HOUSING;BRP;1.000;;;нет;;BRP;показывается;2308.00;
422280283;BELT DRIVE;BRP;1.000;;;нет;;BRP;показывается;13095.00;
417300586;BELT_DRIVE;BRP;1.000;;;нет;;BRP;показывается;19355.00;
417300197;BELT_DRIVE;BRP;1.000;;;нет;;BRP;Уточнить цену;;
414633800;BELT_DRIVE;BRP;1.000;;;нет;;BRP;показывается;13095.00;
295100739;BILGE PUMP;BRP;1.000;;;нет;;BRP;показывается;24267.00;
503193098;BLACK WHEEL ASS'Y, 200 MM;BRP;1.000;;;нет;;BRP;показывается;6256.00;
503192427;BLOCK-RH;BRP;1.000;;;нет;;BRP;показывается;1589.00;
7518680;BOLT-M10X1.5X125,HX HD FLG;POLARIS;1.000;;;нет;;POLARIS;показывается;459.00;
705400127;BOOT_CV JOINT KIT;BRP;1.000;;;нет;;BRP;показывается;5196.00;
705500855;BOOT_CV JOINT KIT;BRP;1.000;;;нет;;BRP;показывается;5196.00;
705500907;BOOT_CV JOINT KIT;BRP;1.000;;;нет;;BRP;показывается;5196.00;
517306982;BOTTOM PAN AIR VENT RH.;BRP;1.000;;;нет;;BRP;показывается;3560.00;
502006687;BOTTOM PAN GRILL;BRP;1.000;;;нет;;BRP;показывается;5060.00;
420997033;BOWDEN CABLE ASSY;BRP;1.000;;;нет;;BRP;показывается;14443.00;
705601519;BRAKE LINE;BRP;1.000;;;нет;;BRP;показывается;21378.00;
710001345;BRAKE SWITCH;BRP;1.000;;;нет;;BRP;показывается;4426.00;
AT-08807;BRONCO BALL JOINT;BRONCO PRODUCTS;1.000;;;нет;;aftermarket;показывается;3313.00;
AT-08122;BRONCO TIE ROD END;BRONCO PRODUCTS;1.000;;;нет;;aftermarket;показывается;2428.00;
AT-08123;BRONCO TIE ROD END;BRONCO PRODUCTS;1.000;;;нет;;aftermarket;показывается;2098.00;
AT-08760;BRONCO TIE ROD END;BRONCO PRODUCTS;1.000;;;нет;;aftermarket;показывается;2098.00;
514053352;BUMPER;BRP;1.000;;;нет;;BRP;показывается;5501.00;
514054275;BUMPER;BRP;1.000;;;нет;;BRP;показывается;1835.00;
502007869;BUMPER F;BRP;1.000;;;нет;;BRP;показывается;20126.00;
502006679;BUMPER, BLACK;BRP;1.000;;;нет;;BRP;показывается;19451.00;
274001321;BUSHING;BRP;1.000;;;нет;;BRP;показывается;5501.00;
417009204;BUSHING;BRP;1.000;;;нет;;BRP;показывается;2018.00;
417127318;BUSHING;BRP;1.000;;;нет;;BRP;показывается;2211.00;
417223086;BUSHING;BRP;1.000;;;нет;;BRP;показывается;4234.00;
512059626;CALIBRATION MODULE;BRP;1.000;;;нет;;BRP;показывается;58459.00;
417222955;CALIBRATION SCREW;BRP;1.000;;;нет;;BRP;показывается;7813.00;
420280473;CAM;BRP;1.000;;;нет;;BRP;показывается;16755.00;
417127367;CAM ASS'Y;BRP;1.000;;;нет;;BRP;показывается;19163.00;
420664046;CAMSHAFT POSITION SENSOR ASS'Y;BRP;1.000;;;нет;;BRP;показывается;10494.00;
504154145;CAP;BRP;1.000;;;нет;;BRP;показывается;1272.00;
503193894;CASTED SUPPORT;BRP;1.000;;;нет;;BRP;показывается;1596.00;
275500398;CHECK VALVE;BRP;1.000;;;нет;;BRP;показывается;1283.00;
512060674;CHOKE CABLE;BRP;1.000;;;нет;;BRP;показывается;5776.00;
420851110;CLAMP;BRP;1.000;;;нет;;BRP;показывается;1568.00;
507032477;CLAMP AND SCREW KIT;BRP;1.000;;;нет;;BRP;показывается;2886.00;
860202520;CLAMP KIT;BRP;1.000;;;нет;;BRP;показывается;11747.00;
293650332;CLAMP_CRIMP;BRP;1.000;;;нет;;BRP;показывается;535.00;
506152708;CLEAR HANDLE BAR;BRP;1.000;;;нет;;BRP;показывается;18103.00;
517302674;CLIP;BRP;1.000;;;нет;;BRP;Уточнить цену;;
250200171;CONICAL SPRING WASHER M18;BRP;1.000;;;нет;;BRP;показывается;782.00;
517304518;CONSOLE NUT;BRP;1.000;;;нет;;BRP;показывается;1726.00;
420254630;COTTER VALVE;BRP;1.000;;;нет;;BRP;показывается;123.00;
420910821;COVER;BRP;1.000;;;нет;;BRP;показывается;1568.00;
415129685;COVER;BRP;1.000;;;нет;;BRP;показывается;3753.00;
505070003;CUSHION;BRP;1.000;;;нет;;BRP;показывается;926.00;
M544417;CUSHION;BRP;1.000;;;нет;;BRP;показывается;670.00;
417300440;CVT AIR DUCT PULLEY;BRP;1.000;;;нет;;BRP;показывается;3463.00;
420413041;CYLINDER;BRP;1.000;;;нет;;BRP;показывается;119330.00;
420413575;CYLINDER BLOCK PLASMA;BRP;1.000;;;нет;;BRP;показывается;138496.00;
420413575RG5;CYLINDER BLOCK PLASMA REBUILD G5;;1.000;;;нет;;нет;Уточнить цену;;без производителя, нет каталога поставщика, rebuild
3022206;CYLINDER, 77.25;POLARIS;1.000;;;нет;;POLARIS;Уточнить цену;;
516008458;DECAL RH;BRP;1.000;;;нет;;BRP;показывается;2981.00;
516007614;DECAL RH;BRP;1.000;;;нет;;BRP;показывается;2018.00;
502007175;DEEP BLACK LH BOTTOM PAN;BRP;1.000;;;нет;;BRP;показывается;10784.00;
509000985;DEFLECTOR;BRP;1.000;;;нет;;BRP;показывается;3463.00;
420620120;DEKO SHAFT;BRP;1.000;;;нет;;BRP;показывается;2308.00;
420238270;DEKO TORSION SPRING;BRP;1.000;;;нет;;BRP;показывается;576.00;
529036415;DISTANCE GAUGE;BRP;1.000;;;нет;;BRP;показывается;4426.00;
502007676;DOOR - BOTTOM PAN;BRP;1.000;;;нет;;BRP;показывается;4619.00;
420430082;DOUBLE GASKET 0.7 MM;BRP;1.000;;;нет;;BRP;показывается;4331.00;
292001552;DRAIN NECK;BRP;1.000;;;нет;;BRP;показывается;1732.00;
705500894;DRAIN PLUG;BRP;1.000;;;нет;;BRP;показывается;1385.00;
504153759;DRIVE CHAIN, 116 LINKS;BRP;1.000;;;нет;;BRP;показывается;25327.00;
420257195;DRIVE PULLEY CLUTCH;BRP;1.000;;;нет;;BRP;показывается;8761.00;
420280467;DRIVE SLIDING SHEAVE ASSY;BRP;1.000;;;нет;;BRP;показывается;24846.00;
417224101;DRIVE SLIDING SHEAVE ASSY;BRP;1.000;;;нет;;BRP;показывается;24846.00;
420280199;DRIVEN PULLEY CAM;BRP;1.000;;;нет;;BRP;показывается;11554.00;
709400449;END-PIECE;BRP;1.000;;;нет;;BRP;показывается;1038.00;
274001417;EXHAUST CLAMP;BRP;1.000;;;нет;;BRP;показывается;6931.00;
420950253;EXHAUST GASKET;BRP;1.000;;;нет;;BRP;показывается;1823.00;
514054767;EXHAUST MUFFLER SUPPORT;BRP;1.000;;;нет;;BRP;показывается;2308.00;
605251783;EXTENSION TUBE LH;BRP;1.000;;;нет;;BRP;показывается;13095.00;
518326450;FASTENING PLATE;BRP;1.000;;;нет;;BRP;показывается;7428.00;
250000412;FLANGED HEX. SCREW M6 X 12, SCOTCH GRIP;BRP;1.000;;;нет;;BRP;показывается;484.00;
207583086;FLANGED HEX. SCREW M8 X 30, SCOTCH GRIP;BRP;1.000;;;нет;;BRP;показывается;535.00;
250200102;FLAT WASHER M12;BRP;1.000;;;нет;;BRP;показывается;259.00;
250200022;FLAT WASHER M6.6 X 22;BRP;1.000;;;нет;;BRP;показывается;278.00;
619230015;FORK, REVERSE;BRP;1.000;;;нет;;BRP;показывается;24652.00;
420922828;FORMED HOSE;BRP;1.000;;;нет;;BRP;показывается;5776.00;
518325524;FRAME CORNER LH;BRP;1.000;;;нет;;BRP;показывается;6546.00;
518325643;FRAME CORNER LH;BRP;1.000;;;нет;;BRP;показывается;6546.00;
518325644;FRAME CORNER RH;BRP;1.000;;;нет;;BRP;показывается;6546.00;
518328024;FRAME CORNER RH;BRP;1.000;;;нет;;BRP;показывается;6546.00;
715000548;FRNT SKID;BRP;1.000;;;нет;;BRP;показывается;12710.00;
518326198;FRONT MEMBER;BRP;1.000;;;нет;;BRP;показывается;7509.00;
420874876;FUEL INJECTOR PTO;BRP;1.000;;;нет;;BRP;показывается;42664.00;
515176065;FUSE BOX BASE;BRP;1.000;;;нет;;BRP;показывается;6368.00;
420931811;GASKET;BRP;1.000;;;нет;;BRP;показывается;1661.00;
420630620;GASKET;BRP;1.000;;;нет;;BRP;показывается;1526.00;
420431822;GASKET;BRP;1.000;;;нет;;BRP;показывается;1923.00;
420950745;GASKET;BRP;1.000;;;нет;;BRP;показывается;1820.00;
420430780;GASKET;BRP;1.000;;;нет;;BRP;показывается;1701.00;
420431290;GASKET;BRP;1.000;;;нет;;BRP;показывается;1701.00;
709000540;GASKET;BRP;1.000;;;нет;;BRP;показывается;4619.00;
404104200;GASKET;BRP;1.000;;;нет;;BRP;показывается;842.00;
420250239;GASKET;BRP;1.000;;;нет;;BRP;показывается;828.00;
415129370;GAUGE RING;BRP;1.000;;;нет;;BRP;показывается;1335.00;
420856877;GICLEUR D'HUILE ASS'Y;BRP;1.000;;;нет;;BRP;показывается;7509.00;
709400450;GPS SUPPORT PROTECTOR;BRP;1.000;;;нет;;BRP;показывается;5537.00;
517307408;GRILL RH;BRP;1.000;;;нет;;BRP;показывается;3463.00;
293720008;GROMMET;BRP;1.000;;;нет;;BRP;показывается;1693.00;
293720058;GROMMET;BRP;1.000;;;нет;;BRP;показывается;1377.00;
705004888;GUARD_MUD;BRP;1.000;;;нет;;BRP;показывается;578.00;
705004889;GUARD_MUD;BRP;1.000;;;нет;;BRP;показывается;578.00;
417300381;GUIDE;BRP;1.000;;;нет;;BRP;показывается;1155.00;
404105500;GUIDE SCREW;BRP;1.000;;;нет;;BRP;показывается;4138.00;
707000595;HAND LEVER_ACCELERATOR;BRP;1.000;;;нет;;BRP;показывается;24846.00;
512061250;HANDLE ASS'Y;BRP;1.000;;;нет;;BRP;показывается;14732.00;
250001039;HEX FLANGED SCREW M12 X 16;BRP;1.000;;;нет;;BRP;показывается;259.00;
232291413;HEX. FLANGED CASTELLATED NUT M18;BRP;1.000;;;нет;;BRP;показывается;417.00;
250000059;HEX. FLANGED SCEW M6 X 18;BRP;1.000;;;нет;;BRP;Уточнить цену;;
517307433;HOOD;BRP;1.000;;;нет;;BRP;показывается;56244.00;
517305553;HOOD GRILL WITH MESH;BRP;1.000;;;нет;;BRP;показывается;10302.00;
5342952;HOOD LATCH;BRP;1.000;;;нет;;BRP;показывается;2789.00;
517305240;HOOD LH B-160;BRP;1.000;;;нет;;BRP;показывается;23016.00;
517306311;HOOK - RIGHT;BRP;1.000;;;нет;;BRP;показывается;1354.00;
420660290;HOSE BRACKET;BRP;1.000;;;нет;;BRP;показывается;1923.00;
509000983;HOSE RADIATOR;BRP;1.000;;;нет;;BRP;показывается;12227.00;
512060953;IGNITION COIL;BRP;1.000;;;нет;;BRP;показывается;16273.00;
710002324;IGNITION SWITCH;BRP;1.000;;;нет;;BRP;показывается;9724.00;
271000517;IMPELLER RING;BRP;1.000;;;нет;;BRP;показывается;1057.00;
271001153;IMPELLER RING;BRP;1.000;;;нет;;BRP;показывается;4635.00;
293450153;INSERT;BRP;1.000;;;нет;;BRP;показывается;4827.00;
420267340;INTAKE NECK;BRP;1.000;;;нет;;BRP;показывается;2115.00;
420434582;INTERMEDITE GEAR, 21 TEETH;BRP;1.000;;;нет;;BRP;показывается;5101.00;
515177362;KILL SWITCH;BRP;1.000;;;нет;;BRP;показывается;10591.00;
515176825;KILL SWITCH SUPPORT;BRP;1.000;;;нет;;BRP;Уточнить цену;;
703501262;KIT BALL JOINT WITH CIRCLIP;BRP;1.000;;;нет;;BRP;показывается;4426.00;
269500530;LATCH;BRP;1.000;;;нет;;BRP;Уточнить цену;;
517304290;LATCH PANEL;BRP;1.000;;;нет;;BRP;показывается;1166.00;
415129320;LENS;BRP;1.000;;;нет;;BRP;показывается;2886.00;
414513700;LENS;BRP;1.000;;;нет;;BRP;показывается;3368.00;
415129216;LEVER;BRP;1.000;;;нет;;BRP;показывается;10124.00;
507032428;LEVER;BRP;1.000;;;нет;;BRP;показывается;13014.00;
706000554;LEVER;BRP;1.000;;;нет;;BRP;показывается;8664.00;
705004409;LH CAP;BRP;1.000;;;нет;;BRP;показывается;951.00;
518325950;LH FRONT MEMBER;BRP;1.000;;;нет;;BRP;показывается;2211.00;
232066414;LH HEX. NUT M6;BRP;1.000;;;нет;;BRP;показывается;3838.00;
515177509;LH HOUSING SWITCH;BRP;1.000;;;нет;;BRP;показывается;31202.00;
705400817;LH KNUCKLE;BRP;1.000;;;нет;;BRP;показывается;18873.00;
517303808;LH PANEL LATCH;BRP;1.000;;;нет;;BRP;показывается;1241.00;
277001486;LH SIDE VANE;BRP;1.000;;;нет;;BRP;показывается;7716.00;
710001633;LOCK;BRP;1.000;;;нет;;BRP;показывается;4692.00;
705002283;LOWER GRILL;BRP;1.000;;;нет;;BRP;показывается;4761.00;
504152619;MAGNETIC CAP;BRP;1.000;;;нет;;BRP;показывается;2886.00;
507032596;MASTER CYLINDER;BRP;1.000;;;нет;;BRP;показывается;26001.00;
507032408;MASTER CYLINDER ASS'Y;BRP;1.000;;;нет;;BRP;показывается;27157.00;
507032597;MICROSWITCH;BRP;1.000;;;нет;;BRP;показывается;9049.00;
507032479;MICROSWITCH;BRP;1.000;;;нет;;BRP;показывается;12132.00;
715000190;MIRROR BRACKET;BRP;1.000;;;нет;;BRP;показывается;1848.00;
RW-10002;NAMURA PWC CONNECTING ROD;NAMURA TECHNOLOGIES;1.000;;;нет;;aftermarket;показывается;10000.00;
RW-10001;NAMURA PWC CONNECTING ROD;NAMURA TECHNOLOGIES;1.000;;;нет;;aftermarket;показывается;10000.00;
NW-10003T;NAMURA PWC SEADOO TOP-END GASKET SET;NAMURA TECHNOLOGIES;1.000;;;нет;;aftermarket;показывается;6730.00;
705502058;NEEDLE BEARING;BRP;1.000;;;нет;;BRP;показывается;5968.00;
420632300;NEEDLE BEARING;BRP;1.000;;;нет;;BRP;показывается;2211.00;
420832240;NEEDLE BEARING;BRP;1.000;;;нет;;BRP;показывается;2500.00;
705501408;NEEDLE BEARING;BRP;1.000;;;нет;;BRP;показывается;8376.00;
703500836;NEEDLE BEARING ASS'Y;BRP;1.000;;;нет;;BRP;показывается;6738.00;
420232480;NEEDLE BUSHING;BRP;1.000;;;нет;;BRP;Уточнить цену;;
404162036;NEEDLE JET;BRP;1.000;;;нет;;BRP;показывается;3078.00;
293200087;NEOPRENE SEAL;BRP;1.000;;;нет;;BRP;показывается;1376.00;
293300185;O RING;BRP;1.000;;;нет;;BRP;показывается;119.00;
420850500;O-RING;BRP;1.000;;;нет;;BRP;показывается;390.00;
420950860;O-RING;BRP;1.000;;;нет;;BRP;показывается;473.00;
420950360;O-RING;BRP;1.000;;;нет;;BRP;показывается;5089.00;
293300011;O-RING;BRP;1.000;;;нет;;BRP;показывается;951.00;
707200092;O-RING;BRP;1.000;;;нет;;BRP;показывается;6753.00;
614601523;O-ring;BRP;1.000;;;нет;;BRP;показывается;1317.00;
09-830;OEM STYLE PISTON KIT WITH RINGS TEFLON COATED STD.;SPI;1.000;;;нет;;aftermarket;показывается;8075.00;
509000529;OETIKER CLAMP;BRP;1.000;;;нет;;BRP;показывается;1216.00;
420256802;OIL DIPSTICK;BRP;1.000;;;нет;;BRP;показывается;2115.00;
420856536;OIL PRESSURE SWITCH;BRP;1.000;;;нет;;BRP;показывается;7509.00;
420856537;OIL PRESSURE SWITCH;BRP;1.000;;;нет;;BRP;показывается;5389.00;
519000305;OIL PUMP;BRP;1.000;;;нет;;BRP;Уточнить цену;;
420210646;OIL PUMP COVER;BRP;1.000;;;нет;;BRP;показывается;5871.00;
420237059;OIL PUMP SHAFT;BRP;1.000;;;нет;;BRP;показывается;3560.00;
420850050;OIL SEAL;BRP;1.000;;;нет;;BRP;показывается;2211.00;
420950089;OIL SEAL;BRP;1.000;;;нет;;BRP;показывается;2308.00;
420250130;OIL SEAL;BRP;1.000;;;нет;;BRP;показывается;2211.00;
420831990;OIL SEAL;BRP;1.000;;;нет;;BRP;показывается;2403.00;
614102852;OIL SEAL;BRP;1.000;;;нет;;BRP;показывается;3175.00;
614102031;Oil seal;BRP;1.000;;;нет;;BRP;показывается;5219.00;
278001515;OIL SENSOR;BRP;1.000;;;нет;;BRP;показывается;13865.00;
507032473;PAD_BRAKE KIT;BRP;1.000;;;нет;;BRP;показывается;6353.00;
420852640;PAWL LOCK;BRP;1.000;;;нет;;BRP;показывается;689.00;
420934102;PINION GEAR 28T;BRP;1.000;;;нет;;BRP;показывается;8954.00;
705501162;PINION GEAR SHIM;BRP;1.000;;;нет;;BRP;показывается;1899.00;
703500049;PINION SHIM KIT;BRP;1.000;;;нет;;BRP;Уточнить цену;;
420845107;PISTON CIRCLIP;BRP;1.000;;;нет;;BRP;показывается;641.00;
420933545;PLAIN BEARING;BRP;1.000;;;нет;;BRP;показывается;2981.00;
715002412;PLASTIC LINQ;BRP;1.000;;;нет;;BRP;показывается;5776.00;
512059094;PLASTIC NUT;BRP;1.000;;;нет;;BRP;показывается;4263.00;
705501724;PLUG DRAIN;BRP;1.000;;;нет;;BRP;показывается;750.00;
404162038;PLUNGER ASS'Y;BRP;1.000;;;нет;;BRP;показывается;5776.00;
420866120;POSITION SENSOR;BRP;1.000;;;нет;;BRP;показывается;11554.00;
710000496;PROTECTOR CAP;BRP;1.000;;;нет;;BRP;показывается;4827.00;
417300432;PULLEY DRIVE BOLT;BRP;1.000;;;нет;;BRP;показывается;5389.00;
271001124;PUSHER ASS?Y;BRP;1.000;;;нет;;BRP;показывается;1923.00;
417222508;RAMP 413;BRP;1.000;;;нет;;BRP;показывается;4041.00;
417222444;RAMP 600;BRP;1.000;СНЕГОХОД;;нет;auto_translation;BRP;показывается;4041.00;
417223088;RAMP 617;BRP;1.000;;;нет;;BRP;показывается;4041.00;
511000764;REAR LIGHT COVER;BRP;1.000;;;нет;;BRP;показывается;4523.00;
420610891;REDUCTION COVER GEAR;BRP;1.000;;;нет;;BRP;показывается;2886.00;
415129821;REGULATOR;BRP;1.000;;;нет;;BRP;показывается;9531.00;
710010539;REGULATOR_VOLTAGE;BRP;1.000;;;нет;;BRP;показывается;12710.00;
515176775;RELAY, 50 AMP;BRP;1.000;;;нет;;BRP;показывается;1736.00;
271001334;REVERSE HANDLE, APPLE GREEN;BRP;1.000;;;нет;;BRP;показывается;4523.00;
572030900;RH ADJUST CAM;BRP;1.000;;;нет;;BRP;показывается;6078.00;
705006135;RH AIR DEFLECTOR;BRP;1.000;;;нет;;BRP;показывается;2886.00;
508000730;RH AIR FILTER;BRP;1.000;;;нет;;BRP;показывается;5101.00;
517303612;RH PANEL LATCH;BRP;1.000;;;нет;;BRP;показывается;1189.00;
520000693;RH PROTECTOR;BRP;1.000;;;нет;;BRP;показывается;6834.00;
518326328;RH SIDE MEMBER;BRP;1.000;;;нет;;BRP;показывается;32550.00;
709400994;RH STEERING BRACKET;BRP;1.000;;;нет;;BRP;показывается;6753.00;
277002318;RING_WEAR;BRP;1.000;;;нет;;BRP;показывается;1923.00;
514054806;RISER SHIM;BRP;1.000;;;нет;;BRP;показывается;1317.00;
268000014;ROD PIVOT;BRP;1.000;;;нет;;BRP;показывается;1410.00;
417127189;ROLLER;BRP;1.000;;;нет;;BRP;показывается;3175.00;
420650370;ROTARY SEAL;BRP;1.000;;;нет;;BRP;Уточнить цену;;
400509000;ROTAX ENGINE 503 ASY;;1.000;;;нет;;нет;Уточнить цену;;без производителя, нет каталога поставщика
514055632;RUBBER;BRP;1.000;;;нет;;BRP;показывается;345.00;
272000001;RUBBER BOOT;BRP;1.000;;;нет;;BRP;показывается;6753.00;
514053654;RUBBER BUMPER;BRP;1.000;;;нет;;BRP;показывается;6161.00;
512060564;RUBBER MOUNT;BRP;1.000;;;нет;;BRP;показывается;5004.00;
535455;Rubber Stopper;BRP;1.000;;;нет;;BRP;показывается;3753.00;
250200024;RUBBER WASHER 5 MM;BRP;1.000;;;нет;;BRP;показывается;262.00;
503191137;RUNNER PROTECTOR;BRP;1.000;;;нет;;BRP;показывается;1277.00;
278002199;SAFETY LANYARD, ANTITHEFT;BRP;1.000;;;нет;;BRP;показывается;10205.00;
517306980;SCOOP GRILL;BRP;1.000;;;нет;;BRP;показывается;4331.00;
250000827;SCREW-TORX TRUSS CONE HD.M6X50;BRP;1.000;;;нет;;BRP;показывается;535.00;
705500265;SEAL;BRP;1.000;;;нет;;BRP;показывается;2018.00;
614103562;Seal;BRP;1.000;;;нет;;BRP;показывается;6834.00;
293200159;SEAL;BRP;1.000;;;нет;;BRP;показывается;1643.00;
293200158;SEAL;BRP;1.000;;;нет;;BRP;показывается;1568.00;
293200024;SEAL NEOPRENE;BRP;1.000;;;нет;;BRP;показывается;1270.00;
420815416;SEMI-TRAPEZ RING;BRP;1.000;;;нет;;BRP;показывается;9917.00;
420889432;SERVOMOTOR;BRP;1.000;;;нет;;BRP;показывается;39004.00;
619230056;SHIFTING DRUM;BRP;1.000;;;нет;;BRP;показывается;26387.00;
420257944;SHIFTING SLEEVE;BRP;1.000;;;нет;;BRP;Уточнить цену;;
516007613;SIDE DECAL LH;BRP;1.000;;;нет;;BRP;показывается;2018.00;
516008457;SIDE DECAL LH;BRP;1.000;;;нет;;BRP;показывается;2981.00;
505073579;SKILEG LH MACHINED;BRP;1.000;;;нет;;BRP;показывается;29854.00;
271001107;SLIDER;BRP;1.000;;;нет;;BRP;показывается;4635.00;
417223615;SLIDER ADAPTOR ASS'Y;BRP;1.000;;;нет;;BRP;показывается;9434.00;
417223919;SLIDER SHOE;BRP;1.000;;;нет;;BRP;показывается;460.00;
420640690;SOCKET HEAD SCREW M6 X 25;BRP;1.000;;;нет;;BRP;показывается;769.00;
205562560;SOCKET HEAD SCREW M6 X 25, SCOTCH GRIP;BRP;1.000;;;нет;;BRP;показывается;253.00;
271001264;SPACER;BRP;1.000;;;нет;;BRP;показывается;6271.00;
520001142;SPACING TOOL;BRP;1.000;;;нет;;BRP;показывается;1580.00;
415129355;SPEEDOMETER BUTTON;BRP;1.000;;;нет;;BRP;показывается;1745.00;
SM-09381;SPI CRANK WEB - PTO SIDE;SPI;1.000;;;нет;;aftermarket;показывается;18146.00;
SM-09188-2;SPI CRANK WEB SKI-DOO PTO SIDE;SPI;1.000;;;нет;;aftermarket;показывается;18588.00;
SM-09188-4;SPI CRANK WEB SKI-DOO PTO SIDE;SPI;1.000;;;нет;;aftermarket;показывается;19695.00;
SM-09375;SPI MAG CRANK WEB;SPI;1.000;;;нет;;aftermarket;показывается;15932.00;
SM-09374;SPI PTO CRANK WEB;SPI;1.000;;;нет;;aftermarket;показывается;18700.00;
SM-01502;SPI TAILLIGHT;SPI;1.000;;;нет;;aftermarket;показывается;7853.00;
420238557;SPRING;BRP;1.000;;;нет;;BRP;показывается;653.00;
514053393;SPRING BRACKET;BRP;1.000;;;нет;;BRP;показывается;1451.00;
417007500;SPRING COVER ASS'Y;BRP;1.000;;;нет;;BRP;показывается;5776.00;
417224002;SPRING GUIDE;BRP;1.000;;;нет;;BRP;показывается;1270.00;
M5346728;SPRING PLATE;BRP;1.000;;;нет;;BRP;показывается;6368.00;
230076;SPRING SEAT;BRP;1.000;;;нет;;BRP;показывается;1050.00;
278001106;STARTER CLUTCH ASS'Y;BRP;1.000;;;нет;;BRP;показывается;20911.00;
278003012;STARTER RELAY;BRP;1.000;;;нет;;BRP;показывается;5196.00;
SM-11014;STARTER REWIND ASSEMBLY, SKI DOO;SPI;1.000;;;нет;;aftermarket;показывается;11726.00;
AT-08255;STEERING RACK BOOT KIT;BRONCO PRODUCTS;1.000;;;нет;;aftermarket;показывается;2098.00;
277001472;STEERING STEM ARM;BRP;1.000;;;нет;;BRP;показывается;8679.00;
512060395;STOPPER;BRP;1.000;;;нет;;BRP;показывается;2211.00;
417004302;STOPPER WASHER;BRP;1.000;;;нет;;BRP;показывается;2018.00;
293850022;STRAP;BRP;1.000;;;нет;;BRP;показывается;1848.00;
510005146;STRAP COVER;BRP;1.000;;;нет;;BRP;показывается;3368.00;
517305988;STUD-FRONT;BRP;1.000;;;нет;;BRP;показывается;1923.00;
707600933;SUPPORT;BRP;1.000;;;нет;;BRP;показывается;951.00;
715000043;SUPPORT-DOUBLE;BRP;1.000;;;нет;;BRP;Уточнить цену;;
515176472;SWITCH ASS'Y;BRP;1.000;;;нет;;BRP;показывается;8954.00;
278002895;TEMPERATURE SENSOR;BRP;1.000;;;нет;;BRP;показывается;4716.00;
515176224;TERMINAL SUPPORT;BRP;1.000;;;нет;;BRP;показывается;1880.00;
420922519;THERMOSTAT;BRP;1.000;;;нет;;BRP;показывается;7412.00;
512061326;THROTTLE CABLE;BRP;1.000;;;нет;;BRP;показывается;2500.00;
512060885;THROTTLE CABLE;BRP;1.000;;;нет;;BRP;показывается;9531.00;
293350020;THRUST WASHER;BRP;1.000;;;нет;;BRP;показывается;1292.00;
710000353;TRIM RING;BRP;1.000;;;нет;;BRP;показывается;4635.00;
293150089;TUFLOK PLASTIC RIVET;BRP;1.000;;;нет;;BRP;Уточнить цену;;
420893881;TURBOCHARGER ASS'Y;BRP;1.000;;;нет;;BRP;показывается;234136.00;
420954063;VALVE HOUSING;BRP;1.000;;;нет;;BRP;показывается;11554.00;
420822285;WATER PUMP HOUSING;BRP;1.000;;;нет;;BRP;показывается;7509.00;
505072634;WEAR PLATE;BRP;1.000;;;нет;;BRP;показывается;557.00;
277001874;WEAR RING;BRP;1.000;;;нет;;BRP;показывается;1442.00;
705501121;WEAR SLEEVE;BRP;1.000;;;нет;;BRP;показывается;911.00;
AT-05015F;WILDBOAR BRAKE PADS FULL METAL;WILDBOAR;1.000;;;нет;;aftermarket;показывается;2789.00;
AT-05561;WILDBOAR BRAKE PADS SEMI METAL;WILDBOAR;1.000;;;нет;;aftermarket;показывается;1519.00;
