english_name;suggested_russian_name;confidence;ambiguity_reason;number_of_in_stock_parttypes;total_in_stock_qty;manufacturers;catalog;sample_articles;applications;name_contains_russian;multi_meaning;split_by_source;safe_bulk_group;parts_with_this_english_name_total;parttypes_in_whole_catalog;suggested_operator_decision
OIL SEAL;Сальник;HIGH;;32;150.000;BRP;BRP;420831955, 420931795, 420950732, 420850055, 420931455;СНЕГОХОД;нет;нет;нет;да;32;33;APPROVE
O-RING;Кольцо уплотнительное;HIGH;;28;148.000;BRP;BRP;732401030, 293300026, 420631300, 619230069, 420430373;СНЕГОХОД;нет;нет;нет;да;28;29;APPROVE
GASKET;Прокладка;HIGH;;22;65.000;BRP;BRP;420430486, 420931568, 420931610, 420931813, 420630265;;нет;нет;нет;да;22;25;APPROVE
BUSHING;Втулка;HIGH;;21;116.000;BRP;BRP;5446652, 420933523, 505072250, 505072690, 505072214;;нет;нет;нет;да;21;21;APPROVE
BALL BEARING;Подшипник шариковый;HIGH;это же название встречается у другого производителя или каталога: группа разделена, решение действует только на свою;15;43.000;BRP;BRP;420832713, 420832176, 420832596, 293350150, 420832178;;нет;нет;да;да;16;15;APPROVE
NEEDLE BEARING;Подшипник игольчатый;HIGH;;9;19.000;BRP;BRP;293350017, 420832030, 420632070, 611002529, 705402848;;нет;нет;нет;да;9;10;APPROVE
OETIKER CLAMP;Хомут OETIKER;HIGH;;8;55.000;BRP;BRP;293650053, 293650125, 420851683, 293650199, 293650100;;нет;нет;нет;да;8;11;APPROVE
BOOT_CV JOINT KIT;Комплект пыльника ШРУС;HIGH;;7;11.000;BRP;BRP;715900298, 715900299, 705500870, 705400511, 705400127;;нет;нет;нет;да;7;7;APPROVE
SPRING;Пружина;HIGH;;6;16.000;BRP;BRP;415107100, 420238558, 420239943, 514054226, 420238120;;нет;нет;нет;да;6;6;APPROVE
BELT_DRIVE;Ремень вариатора;HIGH;;6;9.000;BRP;BRP;605348425, 417300155, 417300551, 417300586, 417300197;;нет;нет;нет;да;6;6;APPROVE
SPI TOP END GASKET SET;Комплект прокладок верхней части двигателя SPI;HIGH;;5;27.000;SPI;aftermarket;09-710303, 09-710278, SM-09507T, 09-710259, 09-710277;;нет;нет;нет;да;5;111;APPROVE
CUSHION;Подушка;HIGH;;5;20.000;BRP;BRP;572034500, 420933180, 706200185, 505070003, M544417;;нет;нет;нет;да;5;5;APPROVE
WILDBOAR BRAKE PADS SEMI METAL;Колодки тормозные WILDBOAR SEMI металлический;NEEDS_HUMAN_REVIEW;не переведены слова: SEMI;5;19.000;WILDBOAR;aftermarket;AT-05266, AT-05267, AT-05612, AT-05611, AT-05561;;нет;нет;нет;нет;5;78;EDIT
SEAL;Сальник;HIGH;;5;16.000;BRP;BRP;293200144, 271002071, 705500265, 293200159, 293200158;;нет;нет;нет;да;5;5;APPROVE
OIL PRESSURE SWITCH;Датчик давления масла;HIGH;;5;8.000;BRP;BRP;420856533, 420256978, 420256915, 420856536, 420856537;;нет;нет;нет;да;5;5;APPROVE
PISTON CIRCLIP;Кольцо стопорное поршневого пальца;HIGH;;4;43.000;BRP;BRP;420845106, 420845467, 420945735, 420845107;;нет;нет;нет;да;4;4;APPROVE
EXHAUST VALVE;Клапан выпускной;HIGH;;4;18.000;BRP;BRP;420854990, 420854371, 420854890, 420854449;;нет;нет;нет;да;4;4;APPROVE
CIRCLIP;Кольцо стопорное;HIGH;;4;16.000;BRP;BRP;420845465, 293370038, 420845611, 420845580;;нет;нет;нет;да;4;4;APPROVE
SKI STOPPER;Ограничитель лыжи;HIGH;;4;15.000;BRP;BRP;505071779, 505074831, 505074138, 505072594;;нет;нет;нет;да;4;4;APPROVE
BOOT CV JOINT KIT;Комплект пыльника ШРУС;HIGH;;4;10.000;BRP;BRP;705501864, 705400512, 705401354, 705401346;;нет;нет;нет;да;4;4;APPROVE
SPACER;Проставка;HIGH;;4;10.000;BRP;BRP;706001282, 420231080, 271001393, 271001264;;нет;нет;нет;да;4;4;APPROVE
BRONCO BALL JOINT;Шаровая опора BRONCO;HIGH;;4;8.000;BRONCO PRODUCTS;aftermarket;AT-08812, AT-08810, AT-08819, AT-08807;;нет;нет;нет;да;4;42;APPROVE
CHECK VALVE;Клапан обратный;HIGH;;4;8.000;BRP;BRP;420660543, 420956071, 420956511, 275500398;;нет;нет;нет;да;4;4;APPROVE
RUNNER PROTECTOR;Защита направляющая;MEDIUM;проверьте порядок слов: RUNNER;4;8.000;BRP;BRP;605348954, 503192299, 572075400, 503191137;;нет;нет;нет;нет;4;4;EDIT
BRONCO TIE ROD END;Наконечник рулевой тяги BRONCO;HIGH;;4;6.000;BRONCO PRODUCTS;aftermarket;AT-08776, AT-08122, AT-08123, AT-08760;КВАДРОЦИКЛ;нет;нет;нет;да;4;69;APPROVE
LEVER;Рычаг;HIGH;;4;5.000;BRP;BRP;507032476, 415129216, 507032428, 706000554;;нет;нет;нет;да;4;4;APPROVE
топливный фильтр;;NEEDS_HUMAN_REVIEW;"название уже содержит русский текст; в самом названии карточки уже есть русский текст";3;41.000;;нет;11G2, 12G4, 10G2;;да;нет;нет;нет;3;3;REVIEW
PISTON PIN;Палец поршневой;HIGH;;3;39.000;BRP;BRP;420916412, 420916407, 420916480;;нет;нет;нет;да;3;3;APPROVE
WASHER;Шайба;HIGH;;3;23.000;BRP;BRP;211200041, 517297900, 250200014;;нет;нет;нет;да;3;3;APPROVE
CLIP;Клипса;HIGH;;3;15.000;BRP;BRP;517302785, 414227300, 517302674;;нет;нет;нет;да;3;3;APPROVE
SPI CONNECTING ROD KIT;Шатун SPI комплект;MEDIUM;"в названии есть многозначное слово, проверьте смысл; многозначные слова, одним переводом на всю базу не закрывается: KIT";3;15.000;SPI;aftermarket;SM-09112, SM-09113, SM-09101;;нет;да;нет;нет;3;19;EDIT
BUSHING_STABILIZER BAR;Втулка стабилизатора BAR;NEEDS_HUMAN_REVIEW;"не переведены слова: BAR; многозначные слова, одним переводом на всю базу не закрывается: BAR";3;14.000;BRP;BRP;706004640, 706204796, 706004641;;нет;да;нет;нет;3;3;EDIT
BRONCO UNIVERSAL JOINT;Крестовина BRONCO;HIGH;;3;13.000;BRONCO PRODUCTS;aftermarket;AT-08532, AT-08533, AT-08503;;нет;нет;нет;да;3;19;APPROVE
CAP;Колпачок;MEDIUM;у слова несколько принятых переводов, выберите нужный: CAP;3;10.000;BRP;BRP;506153294, 420960770, 504154145;СНЕГОХОД;нет;нет;нет;нет;3;3;EDIT
EXHAUST GASKET;Прокладка выпускного коллектора;HIGH;;3;9.000;BRP;BRP;514054174, 707601033, 420950253;;нет;нет;нет;да;3;3;APPROVE
GROMMET;Втулка резиновая;HIGH;;3;9.000;BRP;BRP;517303756, 293720008, 293720058;;нет;нет;нет;да;3;3;APPROVE
RUBBER BOOT;Пыльник резиновый;HIGH;;3;9.000;BRP;BRP;715900118, 705401093, 272000001;;нет;нет;нет;да;3;3;APPROVE
RUBBER STOPPER;Упор резиновый;HIGH;;3;8.000;BRP;BRP;605348439, 503191291, 503190576;;нет;нет;нет;да;3;3;APPROVE
PROX PISTON KIT SKI-DOOMXZ500 LEGEND 500;Лыжа PROX поршень комплект DOOMXZ500 LEGEND 500;NEEDS_HUMAN_REVIEW;"не переведены слова: DOOMXZ500, LEGEND; многозначные слова, одним переводом на всю базу не закрывается: KIT";3;8.000;PROX;aftermarket;01.5400.000, 01.5400.050, 01.5400.100;;нет;да;нет;нет;3;3;EDIT
GUARD;Защита;HIGH;;3;7.000;BRP;BRP;271002228, 271002225, 417009205;;нет;нет;нет;да;3;3;APPROVE
RUBBER MOUNT;Опора резиновый;HIGH;;3;6.000;BRP;BRP;512060448, 512059691, 512060564;;нет;нет;нет;да;3;4;APPROVE
SPI CRANK WEB SKI-DOO PTO SIDE;Лыжа SPI CRANK WEB DOO PTO SIDE;NEEDS_HUMAN_REVIEW;"не переведены слова: CRANK, DOO, PTO, SIDE, WEB; многозначные слова, одним переводом на всю базу не закрывается: WEB";3;6.000;SPI;aftermarket;SM-09188-4A, SM-09188-2, SM-09188-4;;нет;да;нет;нет;3;7;EDIT
WILDBOAR BRAKE PADS FULL METAL;Колодки тормозные WILDBOAR FULL металлический;NEEDS_HUMAN_REVIEW;не переведены слова: FULL;3;6.000;WILDBOAR;aftermarket;AT-05266F, AT-05267F, AT-05015F;;нет;нет;нет;нет;3;49;EDIT
AIR FILTER;Фильтр воздушный;HIGH;;3;4.000;BRP;BRP;707800288, 508000568, 508000609;;нет;нет;нет;да;3;3;APPROVE
COVER;Крышка;HIGH;;3;4.000;BRP;BRP;706000749, 420910821, 415129685;;нет;нет;нет;да;3;3;APPROVE
DRIVE SLIDING SHEAVE ASSY;Щека шкива приводной SLIDING в сборе;NEEDS_HUMAN_REVIEW;"не переведены слова: SLIDING; многозначные слова, одним переводом на всю базу не закрывается: ASSY";3;4.000;BRP;BRP;417224044, 420280467, 417224101;;нет;да;нет;нет;3;3;EDIT
SLIDER SHOE;Ползун направляющей;MEDIUM;у слова несколько принятых переводов, выберите нужный: SHOE;2;32.000;BRP;BRP;417223021, 417223919;СНЕГОХОД;нет;нет;нет;нет;2;2;EDIT
ROLLER_PULLEY;Ролик шкива;HIGH;;2;27.000;BRP;BRP;417127943, 417127016;;нет;нет;нет;да;2;2;APPROVE
DAMPER_VIBRATION;Демпфер VIBRATION;NEEDS_HUMAN_REVIEW;не переведены слова: VIBRATION;2;21.000;BRP;BRP;512061507, 512061516;;нет;нет;нет;нет;2;2;EDIT
FILTER_FUEL;Фильтр топливный;HIGH;;2;19.000;BRP;BRP;513034047, 513034279;;нет;нет;нет;да;2;2;APPROVE
CLAMP;Хомут;HIGH;;2;13.000;BRP;BRP;420851508, 420851110;;нет;нет;нет;да;2;2;APPROVE
LOWER EXHAUST VALVE;Клапан выпускной нижний;HIGH;;2;13.000;BRP;BRP;420954054, 420854904;;нет;нет;нет;да;2;2;APPROVE
GRIP;Рукоятка;HIGH;;2;11.000;BRP;BRP;506152483, 506152486;;нет;нет;нет;да;2;2;APPROVE
CHAIN GUIDE;Направляющая цепь;MEDIUM;проверьте порядок слов: CHAIN;2;11.000;BRP;BRP;420236351, 420236584;;нет;нет;нет;нет;2;2;EDIT
INSULATION_THERMAL;;NEEDS_HUMAN_REVIEW;головное слово не распознано;2;10.000;BRP;BRP;506153177, 506153176;;нет;нет;нет;нет;2;2;REVIEW
SPARK PLUG NGK PFR7AB;Свеча зажигания NGK PFR7AB;NEEDS_HUMAN_REVIEW;не переведены слова: PFR7AB;2;10.000;BRP;BRP;415131139, 415129484;;нет;нет;нет;нет;2;2;EDIT
WHEEL CAP;Колпак колеса;MEDIUM;у слова несколько принятых переводов, выберите нужный: CAP;2;8.000;BRP;BRP;570063600, 705400520;;нет;нет;нет;нет;2;3;EDIT
BUSHING HALF;Втулка HALF;NEEDS_HUMAN_REVIEW;"не переведены слова: HALF; многозначные слова, одним переводом на всю базу не закрывается: HALF";2;8.000;BRP;BRP;420233980, 420233995;;нет;да;нет;нет;2;2;EDIT
BALL JOINT;Шаровая опора;HIGH;;2;7.000;BRP;BRP;706202044, 204120074;;нет;нет;нет;да;2;3;APPROVE
BLACK HANDLE;Ручка чёрный;HIGH;;2;7.000;BRP;BRP;505072976, 505070963;;нет;нет;нет;да;2;2;APPROVE
ROLLER;Ролик;HIGH;;2;7.000;BRP;BRP;417222947, 417127189;СНЕГОХОД;нет;нет;нет;да;2;2;APPROVE
IMPELLER BOOT;Пыльник крыльчатки;HIGH;;2;6.000;BRP;BRP;267000206, 271000516;;нет;нет;нет;да;2;2;APPROVE
CARBURETOR SOCKET;Гнездо карбюратор;MEDIUM;проверьте порядок слов: CARBURETOR;2;6.000;BRP;BRP;420867105, 420867300;;нет;нет;нет;нет;2;2;EDIT
GASKET VALVE ROD HOUSING;Корпус прокладка клапан ROD;NEEDS_HUMAN_REVIEW;"не переведены слова: ROD; многозначные слова, одним переводом на всю базу не закрывается: ROD";2;6.000;BRP;BRP;420430037, 420631001;;нет;да;нет;нет;2;2;EDIT
HALF BUSHING;Втулка HALF;NEEDS_HUMAN_REVIEW;"не переведены слова: HALF; многозначные слова, одним переводом на всю базу не закрывается: HALF";2;6.000;BRP;BRP;420933442, 420933862;;нет;да;нет;нет;2;4;EDIT
PAWL;;NEEDS_HUMAN_REVIEW;головное слово не распознано;2;6.000;BRP;BRP;420852633, 420852639;;нет;нет;нет;нет;2;2;REVIEW
PROX PISTON KIT SKI-DOO MXZ600 '99-01;Лыжа PROX поршень комплект DOO MXZ600 '99 01;NEEDS_HUMAN_REVIEW;"не переведены слова: '99, DOO, MXZ600; многозначные слова, одним переводом на всю базу не закрывается: KIT";2;6.000;PROX;aftermarket;01.5699.050, 01.5699.000;;нет;да;нет;нет;2;3;EDIT
PROX PISTON KIT SKI-DOO MZX550;Лыжа PROX поршень комплект DOO MZX550;NEEDS_HUMAN_REVIEW;"не переведены слова: DOO, MZX550; многозначные слова, одним переводом на всю базу не закрывается: KIT";2;6.000;PROX;aftermarket;01.5503.000, 01.5503.100;;нет;да;нет;нет;2;3;EDIT
PUMP_HYDRAULIC;Насос HYDRAULIC;NEEDS_HUMAN_REVIEW;не переведены слова: HYDRAULIC;2;6.000;BRP;BRP;519000376, 519000375;;нет;нет;нет;нет;2;2;EDIT
RUBBER RING;;NEEDS_HUMAN_REVIEW;"головное слово не распознано; многозначные слова, одним переводом на всю базу не закрывается: RING";2;6.000;BRP;BRP;420931590, 420850045;;нет;да;нет;нет;2;2;REVIEW
WEAR RING;;NEEDS_HUMAN_REVIEW;"головное слово не распознано; многозначные слова, одним переводом на всю базу не закрывается: RING";2;6.000;BRP;BRP;705400036, 277001874;;нет;да;нет;нет;2;2;REVIEW
BELLOWS;Гофра;HIGH;;2;5.000;BRP;BRP;420260725, 272000184;;нет;нет;нет;да;2;2;APPROVE
PIN;Палец;HIGH;;2;5.000;BRP;BRP;417222594, 417224510;;нет;нет;нет;да;2;2;APPROVE
WEAR PLATE;Пластина WEAR;NEEDS_HUMAN_REVIEW;не переведены слова: WEAR;2;5.000;BRP;BRP;706201660, 505072634;;нет;нет;нет;нет;2;2;EDIT
PLASTIC NUT;Гайка пластиковый;HIGH;;2;4.000;BRP;BRP;512060671, 512059094;;нет;нет;нет;да;2;2;APPROVE
STOPPER;Упор;HIGH;;2;4.000;BRP;BRP;514055203, 512060395;;нет;нет;нет;да;2;2;APPROVE
CLEAR HANDLE BAR;Ручка CLEAR BAR;NEEDS_HUMAN_REVIEW;"не переведены слова: BAR, CLEAR; многозначные слова, одним переводом на всю базу не закрывается: BAR";2;4.000;BRP;BRP;506152709, 506152708;;нет;да;нет;нет;2;2;EDIT
ROTARY SEAL;Сальник ROTARY;NEEDS_HUMAN_REVIEW;не переведены слова: ROTARY;2;4.000;BRP;BRP;420650371, 420650370;;нет;нет;нет;нет;2;2;EDIT
BELT DRIVE;Ремень вариатора;HIGH;;2;3.000;BRP;BRP;422280366, 422280283;;нет;нет;нет;да;2;2;APPROVE
INTAKE NECK;Горловина впускной;HIGH;;2;3.000;BRP;BRP;420267042, 420267340;;нет;нет;нет;да;2;2;APPROVE
O RING;Кольцо уплотнительное;HIGH;;2;3.000;BRP;BRP;614602431, 293300185;;нет;нет;нет;да;2;2;APPROVE
Seal;Сальник;HIGH;;2;3.000;BRP;BRP;5444186, 614103562;;нет;нет;нет;да;2;2;APPROVE
THERMOSTAT;Термостат;HIGH;;2;3.000;BRP;BRP;420822655, 420922519;;нет;нет;нет;да;2;2;APPROVE
AIR FILTER RH, (NITEX MESH);Фильтр воздушный правый NITEX сетка;MEDIUM;проверьте порядок слов: MESH;2;3.000;BRP;BRP;508000906, 508000806;;нет;нет;нет;нет;2;2;EDIT
HOOD LATCH;Защёлка капот;MEDIUM;проверьте порядок слов: HOOD;2;3.000;BRP;BRP;570027100, 5342952;;нет;нет;нет;нет;2;2;EDIT
OIL PUMP SHAFT;Насос масляный вал;MEDIUM;проверьте порядок слов: SHAFT;2;3.000;BRP;BRP;420820090, 420237059;;нет;нет;нет;нет;2;2;EDIT
SPRING SEAT;Сиденье пружина;MEDIUM;проверьте порядок слов: SPRING;2;3.000;BRP;BRP;417222312, 230076;;нет;нет;нет;нет;2;2;EDIT
WATER PUMP HOUSING;Насос водяной корпус;MEDIUM;проверьте порядок слов: HOUSING;2;3.000;BRP;BRP;420822287, 420822285;;нет;нет;нет;нет;2;2;EDIT
CLAMP_CRIMP;Хомут CRIMP;NEEDS_HUMAN_REVIEW;не переведены слова: CRIMP;2;3.000;BRP;BRP;293650350, 293650332;;нет;нет;нет;нет;2;2;EDIT
DOUBLE GASKET 0.7 MM;Прокладка DOUBLE 0.7 MM;NEEDS_HUMAN_REVIEW;не переведены слова: DOUBLE;2;3.000;BRP;BRP;420831022, 420430082;;нет;нет;нет;нет;2;2;EDIT
NEOPRENE SEAL;Сальник NEOPRENE;NEEDS_HUMAN_REVIEW;не переведены слова: NEOPRENE;2;3.000;BRP;BRP;293200134, 293200087;;нет;нет;нет;нет;2;2;EDIT
OEM STYLE PISTON KIT WITH RINGS TEFLON COATED STD.;Поршень OEM STYLE комплект WITH RINGS TEFLON COATED STD.;NEEDS_HUMAN_REVIEW;"не переведены слова: COATED, OEM, RINGS, STD., STYLE, TEFLON, WITH; многозначные слова, одним переводом на всю базу не закрывается: KIT";2;3.000;SPI;aftermarket;09-780, 09-830;;нет;да;нет;нет;2;52;EDIT
SPI MAG CRANK WEB;;NEEDS_HUMAN_REVIEW;"головное слово не распознано; многозначные слова, одним переводом на всю базу не закрывается: WEB";2;3.000;SPI;aftermarket;SM-09188-5A, SM-09375;;нет;да;нет;нет;2;2;REVIEW
BUMPER;Бампер;HIGH;;2;2.000;BRP;BRP;514053352, 514054275;;нет;нет;нет;да;2;2;APPROVE
DECAL RH;Наклейка правый;HIGH;;2;2.000;BRP;BRP;516008458, 516007614;;нет;нет;нет;да;2;2;APPROVE
LENS;Рассеиватель;HIGH;;2;2.000;BRP;BRP;415129320, 414513700;;нет;нет;нет;да;2;3;APPROVE
FRAME CORNER LH;;NEEDS_HUMAN_REVIEW;головное слово не распознано;2;2.000;BRP;BRP;518325524, 518325643;;нет;нет;нет;нет;2;2;REVIEW
FRAME CORNER RH;;NEEDS_HUMAN_REVIEW;головное слово не распознано;2;2.000;BRP;BRP;518325644, 518328024;;нет;нет;нет;нет;2;2;REVIEW
GUARD_MUD;Защита MUD;NEEDS_HUMAN_REVIEW;не переведены слова: MUD;2;2.000;BRP;BRP;705004888, 705004889;;нет;нет;нет;нет;2;2;EDIT
IMPELLER RING;Крыльчатка RING;NEEDS_HUMAN_REVIEW;"не переведены слова: RING; многозначные слова, одним переводом на всю базу не закрывается: RING";2;2.000;BRP;BRP;271000517, 271001153;;нет;да;нет;нет;2;2;EDIT
MICROSWITCH;;NEEDS_HUMAN_REVIEW;головное слово не распознано;2;2.000;BRP;BRP;507032597, 507032479;;нет;нет;нет;нет;2;2;REVIEW
NAMURA PWC CONNECTING ROD;Шатун NAMURA PWC;NEEDS_HUMAN_REVIEW;не переведены слова: NAMURA, PWC;2;2.000;NAMURA TECHNOLOGIES;aftermarket;RW-10002, RW-10001;;нет;нет;нет;нет;2;22;EDIT
SIDE DECAL LH;Наклейка SIDE левый;NEEDS_HUMAN_REVIEW;не переведены слова: SIDE;2;2.000;BRP;BRP;516007613, 516008457;;нет;нет;нет;нет;2;2;EDIT
THROTTLE CABLE;Трос THROTTLE;NEEDS_HUMAN_REVIEW;не переведены слова: THROTTLE;2;2.000;BRP;BRP;512061326, 512060885;;нет;нет;нет;нет;2;2;EDIT
