article;english_name;suggested_russian_name;confidence;ambiguity_note;manufacturer;in_stock_qty;priority;special
732401030;O-RING;Кольцо уплотнительное;HIGH;;BRP;37.000;1;
513033135;LOCKING CLIP;Клипса LOCKING;NEEDS HUMAN REVIEW;не переведены слова: LOCKING;BRP;36.000;1;
415129510;FUEL FILTER;Фильтр топливный;HIGH;;BRP;32.000;1;
417223021;SLIDER SHOE;Ползун направляющей;MEDIUM;у слова несколько принятых переводов, выберите нужный: SHOE;BRP;31.000;1;
420845106;PISTON CIRCLIP;Кольцо стопорное поршневого пальца;HIGH;;BRP;23.000;1;
5446652;BUSHING;Втулка;HIGH;;BRP;22.000;1;
420831955;OIL SEAL;Сальник;HIGH;;BRP;22.000;1;
508000548;BOOT;Пыльник;HIGH;;BRP;21.000;1;
390402300;RIVET_POP 3/16 X ,550;Заклёпка POP 3 16 X 550;NEEDS HUMAN REVIEW;не переведены слова: POP;BRP;21.000;1;
420916412;PISTON PIN;Палец поршневой;HIGH;;BRP;20.000;1;
417127943;ROLLER_PULLEY;Ролик шкива;HIGH;;BRP;20.000;1;
415129670;SPARK PLUG NGK MR7BI-8;Свеча зажигания NGK MR7BI 8;NEEDS HUMAN REVIEW;не переведены слова: MR7BI;BRP;20.000;1;
417126374;FRONT CAM SLIDER SHOE, BLACK;Ползун направляющей передний CAM чёрный;NEEDS HUMAN REVIEW;не переведены слова: CAM;BRP;19.000;1;
293650053;OETIKER CLAMP;Хомут OETIKER;HIGH;;BRP;19.000;1;
250100185;CHROME WHEEL NUT M10 X 1.25;Гайка CHROME колесо M10 X 1.25;NEEDS HUMAN REVIEW;не переведены слова: CHROME;BRP;18.000;1;
420230515;VALVE STEM SEAL;Сальник клапан STEM;NEEDS HUMAN REVIEW;не переведены слова: STEM;BRP;18.000;1;
570023800;WINDSHIELD LATCH;Защёлка ветровое стекло;MEDIUM;проверьте порядок слов: WINDSHIELD;BRP;18.000;1;
140068;Cam slide shoe;Ползун CAM SLIDE;NEEDS HUMAN REVIEW;не переведены слова: CAM, SLIDE;BRP;17.000;1;
517304538;LOCKING PLATE;Пластина LOCKING;NEEDS HUMAN REVIEW;не переведены слова: LOCKING;BRP;17.000;1;
506152518;LOWER VIBRATION RING;;NEEDS HUMAN REVIEW;головное слово не распознано;BRP;17.000;1;
420931795;OIL SEAL;Сальник;HIGH;;BRP;17.000;1;
420933523;BUSHING;Втулка;HIGH;;BRP;16.000;1;
505072250;BUSHING;Втулка;HIGH;;BRP;16.000;1;
420950732;OIL SEAL;Сальник;HIGH;;BRP;16.000;1;
293150119;RIVET_HEMLOK 6,4 X 15;Заклёпка HEMLOK 6 4 X 15;NEEDS HUMAN REVIEW;не переведены слова: HEMLOK;BRP;16.000;1;
605636002;CLINCH NUT HEXSERT M8;Гайка CLINCH HEXSERT M8;NEEDS HUMAN REVIEW;не переведены слова: CLINCH, HEXSERT;BRP;15.000;1;
293300026;O-RING;Кольцо уплотнительное;HIGH;;BRP;15.000;1;
420889051;PISTON ASS'Y 76.11 MM, 1ST OVERSIZE;Поршень в сборе 76.11 MM 1ST OVERSIZE;NEEDS HUMAN REVIEW;не переведены слова: OVERSIZE;BRP;15.000;1;
513034047;FILTER_FUEL;Фильтр топливный;HIGH;;BRP;14.000;1;
703500876;DRIVEN BOLT KIT M139;Болт DRIVEN комплект M139;NEEDS HUMAN REVIEW;не переведены слова: DRIVEN;BRP;13.000;1;
420916407;PISTON PIN;Палец поршневой;HIGH;;BRP;13.000;1;
517304744;BUTTON;Кнопка;HIGH;;BRP;12.000;1;
420851508;CLAMP;Хомут;HIGH;;BRP;12.000;1;
417300006;TAPPING SCREW M4.8 X 16;Винт TAPPING M4.8 X 16;NEEDS HUMAN REVIEW;не переведены слова: TAPPING;BRP;12.000;1;
250000717;TORX HEAD SCREW M6 X 16;Винт TORX HEAD M6 X 16;NEEDS HUMAN REVIEW;не переведены слова: HEAD, TORX;BRP;12.000;1;
512061507;DAMPER_VIBRATION;Демпфер VIBRATION;NEEDS HUMAN REVIEW;не переведены слова: VIBRATION;BRP;11.000;1;
420845560;LOCKING ELEMENT;Элемент LOCKING;NEEDS HUMAN REVIEW;не переведены слова: LOCKING;BRP;11.000;1;
293650125;OETIKER CLAMP;Хомут OETIKER;HIGH;;BRP;11.000;1;
420845467;PISTON CIRCLIP;Кольцо стопорное поршневого пальца;HIGH;;BRP;11.000;1;
293200144;SEAL;Сальник;HIGH;;BRP;11.000;1;
505073329;SWIVEL BUSHING;Втулка SWIVEL;NEEDS HUMAN REVIEW;не переведены слова: SWIVEL;BRP;11.000;1;
517302785;CLIP;Клипса;HIGH;;BRP;10.000;1;
250400060;COTTER PIN;Палец COTTER;NEEDS HUMAN REVIEW;не переведены слова: COTTER;BRP;10.000;1;
512061516;DAMPER_VIBRATION;Демпфер VIBRATION;NEEDS HUMAN REVIEW;не переведены слова: VIBRATION;BRP;10.000;1;
420430486;GASKET;Прокладка;HIGH;;BRP;10.000;1;
420431380;GASKET RING 10/17/2,3;Прокладка RING 10 17 2 3;NEEDS HUMAN REVIEW;не переведены слова: RING;BRP;10.000;1;
420441311;HEX.SCREW M6 X 20;;NEEDS HUMAN REVIEW;головное слово не распознано;BRP;10.000;1;
861805547;KIT SPRING SUPPORT;Кронштейн комплект пружина;MEDIUM;у слова несколько принятых переводов, выберите нужный: SUPPORT;BRP;10.000;1;
415130651;SPARK PLUG NGK ILKR8Q7;Свеча зажигания NGK ILKR8Q7;NEEDS HUMAN REVIEW;не переведены слова: ILKR8Q7;BRP;10.000;1;
211200041;WASHER;Шайба;HIGH;;BRP;10.000;1;
505072690;BUSHING;Втулка;HIGH;;BRP;9.000;1;
703500875;BUSHING_SUSPENSION ARM KIT;Втулка подвески ARM комплект;NEEDS HUMAN REVIEW;не переведены слова: ARM;BRP;9.000;1;
420845465;CIRCLIP;Кольцо стопорное;HIGH;;BRP;9.000;1;
420931568;GASKET;Прокладка;HIGH;;BRP;9.000;1;
506152483;GRIP;Рукоятка;HIGH;;BRP;9.000;1;
40316;Hex Sc.  M8 x 20 BN73 m(1=10pcs);;NEEDS HUMAN REVIEW;головное слово не распознано;BRP;9.000;1;
514054529;LOWER STOPPER;Упор нижний;HIGH;;BRP;9.000;1;
420631300;O-RING;Кольцо уплотнительное;HIGH;;BRP;9.000;1;
420850055;OIL SEAL;Сальник;HIGH;;BRP;9.000;1;
420931455;OIL SEAL;Сальник;HIGH;;BRP;9.000;1;
506152509;UPPER ANTI-VIBRATION GASKET;Прокладка верхний ANTI VIBRATION;NEEDS HUMAN REVIEW;не переведены слова: ANTI, VIBRATION;BRP;9.000;1;
517297900;WASHER;Шайба;HIGH;;BRP;9.000;1;
420832713;BALL BEARING;Подшипник шариковый;HIGH;;BRP;8.000;1;
420832445;BEARING NEEDLE;Подшипник игольчатый;HIGH;;BRP;8.000;1;
503192771;BLACK WHEEL CAP;Колпак колеса чёрный;MEDIUM;у слова несколько принятых переводов, выберите нужный: CAP;BRP;8.000;1;
505072214;BUSHING;Втулка;HIGH;;BRP;8.000;1;
706206653;BUSHING_SUSPENSION ARM;Втулка подвески ARM;NEEDS HUMAN REVIEW;не переведены слова: ARM;BRP;8.000;1;
572034500;CUSHION;Подушка;HIGH;;BRP;8.000;1;
420933180;CUSHION;Подушка;HIGH;;BRP;8.000;1;
707001169;DAMPER;Демпфер;HIGH;;BRP;8.000;1;
420854990;EXHAUST VALVE;Клапан выпускной;HIGH;;BRP;8.000;1;
420854974;EXHAUST VALVE, LOWER;Клапан выпускной нижний;HIGH;;BRP;8.000;1;
860200808;FASTENER KIT;Крепёж комплект;MEDIUM;в названии есть многозначное слово, проверьте смысл;BRP;8.000;1;
420931610;GASKET;Прокладка;HIGH;;BRP;8.000;1;
420954054;LOWER EXHAUST VALVE;Клапан выпускной нижний;HIGH;;BRP;8.000;1;
619230069;O-RING;Кольцо уплотнительное;HIGH;;BRP;8.000;1;
420430373;O-RING;Кольцо уплотнительное;HIGH;;BRP;8.000;1;
420931940;OIL SEAL;Сальник;HIGH;;BRP;8.000;1;
420945735;PISTON CIRCLIP;Кольцо стопорное поршневого пальца;HIGH;;BRP;8.000;1;
503190754;RETAINER CUSHION;Подушка фиксатор;MEDIUM;проверьте порядок слов: RETAINER;BRP;8.000;1;
415130211;SPARK PLUG NGK ILKR9Q7G;Свеча зажигания NGK ILKR9Q7G;NEEDS HUMAN REVIEW;не переведены слова: ILKR9Q7G;BRP;8.000;1;
415131139;SPARK PLUG NGK PFR7AB;Свеча зажигания NGK PFR7AB;NEEDS HUMAN REVIEW;не переведены слова: PFR7AB;BRP;8.000;1;
250000587;TORX SCREW M5 X 26;Винт TORX M5 X 26;NEEDS HUMAN REVIEW;не переведены слова: TORX;BRP;8.000;1;
417224868;WASHER_THRUST;Шайба THRUST;NEEDS HUMAN REVIEW;не переведены слова: THRUST;BRP;8.000;1;
;Впускной коллектор 550XU;;NEEDS HUMAN REVIEW;название уже содержит русский текст;BRP;8;1;без артикула, нет каталога поставщика, название уже по-русски
417224204;AXLE - 10MM;Ось 10MM;HIGH;;BRP;7.000;1;
420832176;BALL BEARING;Подшипник шариковый;HIGH;;BRP;7.000;1;
420950912;GASKET 0,6;Прокладка 0 6;HIGH;;BRP;7.000;1;
517303756;GROMMET;Втулка резиновая;HIGH;;BRP;7.000;1;
512061126;IGNITION CABLE;Трос IGNITION;NEEDS HUMAN REVIEW;не переведены слова: IGNITION;BRP;7.000;1;
619230070;MAGNETIC PLUG;Пробка MAGNETIC;NEEDS HUMAN REVIEW;не переведены слова: MAGNETIC;BRP;7.000;1;
420931410;O-RING;Кольцо уплотнительное;HIGH;;BRP;7.000;1;
420960205;PROTECTION HOSE;Шланг PROTECTION;NEEDS HUMAN REVIEW;не переведены слова: PROTECTION;BRP;7.000;1;
421000667;REBUILD-CYLINDER NICAS 593ETEC 08-09;Цилиндр REBUILD NICAS 593ETEC 08 09;NEEDS HUMAN REVIEW;не переведены слова: NICAS, REBUILD;BRP;7.000;1;rebuild
417127016;ROLLER_PULLEY;Ролик шкива;HIGH;;BRP;7.000;1;
505071779;SKI STOPPER;Ограничитель лыжи;HIGH;;BRP;7.000;1;
415129944;SPARK PLUG NGK MR8BI-8;Свеча зажигания NGK MR8BI 8;NEEDS HUMAN REVIEW;не переведены слова: MR8BI;BRP;7.000;1;
250100198;SPRING NUT U M6 X 1.0;Гайка пружина U M6 X 1.0;MEDIUM;проверьте порядок слов: SPRING;BRP;7.000;1;
420841550;TAPPING SCREW M5 X 22;Винт TAPPING M5 X 22;NEEDS HUMAN REVIEW;не переведены слова: TAPPING;BRP;7.000;1;
420650300;THERMOSTAT GASKET;Прокладка термостат;MEDIUM;проверьте порядок слов: THERMOSTAT;BRP;7.000;1;
706202044;BALL JOINT;Шаровая опора;HIGH;;BRP;6.000;1;
417004305;BUSHING;Втулка;HIGH;;BRP;6.000;1;
709400783;BUSHING_HALF;Втулка HALF;NEEDS HUMAN REVIEW;не переведены слова: HALF;BRP;6.000;1;
706004640;BUSHING_STABILIZER BAR;Втулка стабилизатора BAR;NEEDS HUMAN REVIEW;не переведены слова: BAR;BRP;6.000;1;
706204796;BUSHING_STABILIZER BAR;Втулка стабилизатора BAR;NEEDS HUMAN REVIEW;не переведены слова: BAR;BRP;6.000;1;
506153294;CAP;Колпачок;MEDIUM;у слова несколько принятых переводов, выберите нужный: CAP;BRP;6.000;1;
420236351;CHAIN GUIDE;Направляющая цепь;MEDIUM;проверьте порядок слов: CHAIN;BRP;6.000;1;
514054174;EXHAUST GASKET;Прокладка выпускного коллектора;HIGH;;BRP;6.000;1;
420831849;GASKET 1.0 MM;Прокладка 1.0 MM;HIGH;;BRP;6.000;1;
420430070;GASKET ENGINE SUPPORT;Кронштейн прокладка двигателя;MEDIUM;у слова несколько принятых переводов, выберите нужный: SUPPORT;BRP;6.000;1;
506152578;HEATING ELEMENT 20 WATT;Элемент HEATING 20 WATT;NEEDS HUMAN REVIEW;не переведены слова: HEATING, WATT;BRP;6.000;1;
233281434;HEX. FLANGED ELASTIC NUT M8;Гайка шестигранный фланцевый ELASTIC M8;NEEDS HUMAN REVIEW;не переведены слова: ELASTIC;BRP;6.000;1;
236281684;HEX. SCREW M8 X 16;Винт шестигранный M8 X 16;HIGH;;BRP;6.000;1;
861805521;HOOK KIT;Крюк комплект;MEDIUM;в названии есть многозначное слово, проверьте смысл;BRP;6.000;1;
506153177;INSULATION_THERMAL;;NEEDS HUMAN REVIEW;головное слово не распознано;BRP;6.000;1;
420667533;INTAKE SOCKET WITH REED VALVE;Клапан впускной гнездо WITH REED;NEEDS HUMAN REVIEW;не переведены слова: REED, WITH;BRP;6.000;1;
420250407;O-RING;Кольцо уплотнительное;HIGH;;BRP;6.000;1;
705501711;O-RING;Кольцо уплотнительное;HIGH;;BRP;6.000;1;
420250890;O-RING;Кольцо уплотнительное;HIGH;;BRP;6.000;1;
420851683;OETIKER CLAMP;Хомут OETIKER;HIGH;;BRP;6.000;1;
420650315;OIL SEAL;Сальник;HIGH;;BRP;6.000;1;
705501557;OIL SEAL;Сальник;HIGH;;BRP;6.000;1;
250400101;PIN_SPRING 2.6MM X 20.5MM;Пружина палец 2.6MM X 20.5MM;MEDIUM;проверьте порядок слов: PIN;BRP;6.000;1;
420889174;PISTON ASS?Y, 76.13 MM, OVERSIZE;Поршень ASS?Y 76.13 MM OVERSIZE;NEEDS HUMAN REVIEW;не переведены слова: ASS?Y, OVERSIZE;BRP;6.000;1;
420916480;PISTON PIN;Палец поршневой;HIGH;;BRP;6.000;1;
293150183;RIVET_HEMLOK 6,4 X 18;Заклёпка HEMLOK 6 4 X 18;NEEDS HUMAN REVIEW;не переведены слова: HEMLOK;BRP;6.000;1;
517305734;ROD_RETAINING;;NEEDS HUMAN REVIEW;слово «ROD» без человека однозначно не перевести;BRP;6.000;1;
417222947;ROLLER;Ролик;HIGH;;BRP;6.000;1;
417224947;ROLLER_PULLEY ASSY;Ролик шкива в сборе;MEDIUM;в названии есть многозначное слово, проверьте смысл;BRP;6.000;1;
417224153;ROLLER_PULLEY INT;Ролик шкива INT;NEEDS HUMAN REVIEW;не переведены слова: INT;BRP;6.000;1;
715900118;RUBBER BOOT;Пыльник резиновый;HIGH;;BRP;6.000;1;
277001802;SWITCH KNOB, RED;Выключатель KNOB RED;NEEDS HUMAN REVIEW;не переведены слова: KNOB, RED;BRP;6.000;1;
293250084;WATERTIGHT SEAL;Сальник WATERTIGHT;NEEDS HUMAN REVIEW;не переведены слова: WATERTIGHT;BRP;6.000;1;
570063600;WHEEL CAP;Колпак колеса;MEDIUM;у слова несколько принятых переводов, выберите нужный: CAP;BRP;6.000;1;
420832596;BALL BEARING;Подшипник шариковый;HIGH;;BRP;5.000;1;
505072976;BLACK HANDLE;Ручка чёрный;HIGH;;BRP;5.000;1;
420233980;BUSHING HALF;Втулка HALF;NEEDS HUMAN REVIEW;не переведены слова: HALF;BRP;5.000;1;
420236584;CHAIN GUIDE;Направляющая цепь;MEDIUM;проверьте порядок слов: CHAIN;BRP;5.000;1;
420436014;CHAIN TENSION GUIDE;Направляющая цепь TENSION;NEEDS HUMAN REVIEW;не переведены слова: TENSION;BRP;5.000;1;
513034279;FILTER_FUEL;Фильтр топливный;HIGH;;BRP;5.000;1;
515175664;HEATING GRIP;Рукоятка HEATING;NEEDS HUMAN REVIEW;не переведены слова: HEATING;BRP;5.000;1;
517306310;LATCH - LEFT;Защёлка левый;HIGH;;BRP;5.000;1;
517306309;LATCH - RIGHT;Защёлка правый;HIGH;;BRP;5.000;1;
420854904;LOWER EXHAUST VALVE;Клапан выпускной нижний;HIGH;;BRP;5.000;1;
293300086;O-RING;Кольцо уплотнительное;HIGH;;BRP;5.000;1;
293650199;OETIKER CLAMP;Хомут OETIKER;HIGH;;BRP;5.000;1;
293650100;OETIKER CLAMP;Хомут OETIKER;HIGH;;BRP;5.000;1;
293650030;OETIKER CLAMP;Хомут OETIKER;HIGH;;BRP;5.000;1;
619230019;OIL SEAL;Сальник;HIGH;;BRP;5.000;1;
506152163;PLATE;Пластина;MEDIUM;у слова несколько принятых переводов, выберите нужный: PLATE;BRP;5.000;1;
515176774;RELAY, 30 AMP;Реле 30 AMP;NEEDS HUMAN REVIEW;не переведены слова: AMP;BRP;5.000;1;
293150120;RIVET_HEMLOK 6,4 X 19;Заклёпка HEMLOK 6 4 X 19;NEEDS HUMAN REVIEW;не переведены слова: HEMLOK;BRP;5.000;1;
420941256;SCREW TORX TAPTITE FLANGE M6X20;Фланец винт TORX TAPTITE M6X20;NEEDS HUMAN REVIEW;не переведены слова: TAPTITE, TORX;BRP;5.000;1;
420281296;SLIDER SHOE SET 1 SET = 12 PC;Ползун направляющей SET 1 SET = 12 PC;NEEDS HUMAN REVIEW;не переведены слова: SET;BRP;5.000;1;
415130795;SPARK PLUG NGK CR8EB;Свеча зажигания NGK CR8EB;NEEDS HUMAN REVIEW;не переведены слова: CR8EB;BRP;5.000;1;
715900637;SPARK PLUG NGK DCPR8E;Свеча зажигания NGK DCPR8E;NEEDS HUMAN REVIEW;не переведены слова: DCPR8E;BRP;5.000;1;
415107100;SPRING;Пружина;HIGH;;BRP;5.000;1;
420881102;SUPERCHARGER KIT;;NEEDS HUMAN REVIEW;головное слово не распознано;BRP;5.000;1;
250000722;TORX SCREW M6 X 20;Винт TORX M6 X 20;NEEDS HUMAN REVIEW;не переведены слова: TORX;BRP;5.000;1;
705400036;WEAR RING;;NEEDS HUMAN REVIEW;головное слово не распознано;BRP;5.000;1;
707001274;ADAPTOR;Переходник;HIGH;;BRP;4.000;1;
293350150;BALL BEARING;Подшипник шариковый;HIGH;;BRP;4.000;1;
420832178;BALL BEARING;Подшипник шариковый;HIGH;;BRP;4.000;1;
420933492;BEARING SLEEVE;Втулка подшипника;HIGH;;BRP;4.000;1;
705004987;BRACKET COVER;Крышка кронштейн;MEDIUM;проверьте порядок слов: BRACKET;BRP;4.000;1;
291000339;BUMPER PLUG, BLACK;Пробка бампер чёрный;MEDIUM;проверьте порядок слов: BUMPER;BRP;4.000;1;
505072209;BUSHING;Втулка;HIGH;;BRP;4.000;1;
505072143;BUSHING;Втулка;HIGH;;BRP;4.000;1;
420233965;BUSHING;Втулка;HIGH;;BRP;4.000;1;
706200186;BUSHING;Втулка;HIGH;;BRP;4.000;1;
505072208;BUSHING;Втулка;HIGH;;BRP;4.000;1;
293250389;BUSHING;Втулка;HIGH;;BRP;4.000;1;
706201590;BUSHING-INT.;Втулка INT.;NEEDS HUMAN REVIEW;не переведены слова: INT.;BRP;4.000;1;
420867105;CARBURETOR SOCKET;Гнездо карбюратор;MEDIUM;проверьте порядок слов: CARBURETOR;BRP;4.000;1;
420236510;CHAIN TENSIONER HOUSING;Натяжитель цепи корпус;MEDIUM;проверьте порядок слов: HOUSING;BRP;4.000;1;
420236521;CHAIN TENSIONER PLUNGER;Натяжитель цепи PLUNGER;NEEDS HUMAN REVIEW;не переведены слова: PLUNGER;BRP;4.000;1;
414227300;CLIP;Клипса;HIGH;;BRP;4.000;1;
420641640;CONNECTING ROD SCREW M8 X 1;Шатун винт M8 X 1;MEDIUM;проверьте порядок слов: SCREW;BRP;4.000;1;
420854371;EXHAUST VALVE;Клапан выпускной;HIGH;;BRP;4.000;1;
420854890;EXHAUST VALVE;Клапан выпускной;HIGH;;BRP;4.000;1;
420854980;EXHAUST VALVE, UPPER;Клапан выпускной верхний;HIGH;;BRP;4.000;1;
707002585;FLEXIBLE ADAPTOR;Переходник FLEXIBLE;NEEDS HUMAN REVIEW;не переведены слова: FLEXIBLE;BRP;4.000;1;
420931813;GASKET;Прокладка;HIGH;;BRP;4.000;1;
420630265;GASKET;Прокладка;HIGH;;BRP;4.000;1;
420931542;GASKET;Прокладка;HIGH;;BRP;4.000;1;
420430482;GASKET;Прокладка;HIGH;;BRP;4.000;1;
420430037;GASKET VALVE ROD HOUSING;Корпус прокладка клапан ROD;NEEDS HUMAN REVIEW;не переведены слова: ROD;BRP;4.000;1;
420933442;HALF BUSHING;Втулка HALF;NEEDS HUMAN REVIEW;не переведены слова: HALF;BRP;4.000;1;
267000206;IMPELLER BOOT;Пыльник крыльчатки;HIGH;;BRP;4.000;1;
506153176;INSULATION_THERMAL;;NEEDS HUMAN REVIEW;головное слово не распознано;BRP;4.000;1;
707000949;ISOLATOR;Изолятор;HIGH;;BRP;4.000;1;
505074133;JOINT_BALL LWR;;NEEDS HUMAN REVIEW;слово «JOINT» без человека однозначно не перевести;BRP;4.000;1;
415129781;MAINTENANCE CLUTCH KIT eDrive II;;NEEDS HUMAN REVIEW;головное слово не распознано;BRP;4.000;1;
293350017;NEEDLE BEARING;Подшипник игольчатый;HIGH;;BRP;4.000;1;
420832030;NEEDLE BEARING;Подшипник игольчатый;HIGH;;BRP;4.000;1;
420632435;NEEDLE PIN;Палец игла;MEDIUM;проверьте порядок слов: NEEDLE;BRP;4.000;1;
420230306;O-RING;Кольцо уплотнительное;HIGH;;BRP;4.000;1;
420631610;O-RING;Кольцо уплотнительное;HIGH;;BRP;4.000;1;
420950940;OIL SEAL;Сальник;HIGH;;BRP;4.000;1;
705501996;OIL SEAL;Сальник;HIGH;;BRP;4.000;1;
420852633;PAWL;;NEEDS HUMAN REVIEW;головное слово не распознано;BRP;4.000;1;
715500337;PIN KIT;Палец комплект;MEDIUM;в названии есть многозначное слово, проверьте смысл;BRP;4.000;1;
417127294;PIN_ROLLER;Ролик палец;MEDIUM;проверьте порядок слов: PIN;BRP;4.000;1;
420893970;PISTON ASS'Y, 73.958 MM;Поршень в сборе 73.958 MM;MEDIUM;в названии есть многозначное слово, проверьте смысл;BRP;4.000;1;
421000702;REBUILD-CYLINDER NI SI C;Цилиндр REBUILD NI SI C;NEEDS HUMAN REVIEW;не переведены слова: REBUILD;BRP;4.000;1;rebuild
420924798;REED VALVE ASS'Y;Клапан REED в сборе;NEEDS HUMAN REVIEW;не переведены слова: REED;BRP;4.000;1;
505071812;RETAINER;Фиксатор;HIGH;;BRP;4.000;1;
517305723;RING;;NEEDS HUMAN REVIEW;слово «RING» без человека однозначно не перевести;BRP;4.000;1;
420931590;RUBBER RING;;NEEDS HUMAN REVIEW;головное слово не распознано;BRP;4.000;1;
605348439;RUBBER STOPPER;Упор резиновый;HIGH;;BRP;4.000;1;
420840096;SCREW-HEX.M8 X 60;Винт HEX.M8 X 60;NEEDS HUMAN REVIEW;не переведены слова: HEX.M8;BRP;4.000;1;
420297063;SILENT CHAIN;Цепь SILENT;NEEDS HUMAN REVIEW;не переведены слова: SILENT;BRP;4.000;1;
505073209;SKI AXLE;Ось лыжа;MEDIUM;проверьте порядок слов: SKI;BRP;4.000;1;
505074831;SKI STOPPER;Ограничитель лыжи;HIGH;;BRP;4.000;1;
706001282;SPACER;Проставка;HIGH;;BRP;4.000;1;
420238558;SPRING;Пружина;HIGH;;BRP;4.000;1;
515176088;START/RER BUTTON;Кнопка START RER;NEEDS HUMAN REVIEW;не переведены слова: RER, START;BRP;4.000;1;
420660124;TORQUE GEAR;Шестерня TORQUE;NEEDS HUMAN REVIEW;не переведены слова: TORQUE;BRP;4.000;1;
250000586;TORX-TRUSS M/S NYLON PATCH M5X20;;NEEDS HUMAN REVIEW;головное слово не распознано;BRP;4.000;1;
414803100;UPPER CUSHION;Подушка верхний;HIGH;;BRP;4.000;1;
420980514;V-BELT;Ремень V;HIGH;;BRP;4.000;1;
420854442;VALVE COVER;Крышка клапан;MEDIUM;проверьте порядок слов: VALVE;BRP;4.000;1;
250200014;WASHER;Шайба;HIGH;;BRP;4.000;1;
706201660;WEAR PLATE;Пластина WEAR;NEEDS HUMAN REVIEW;не переведены слова: WEAR;BRP;4.000;1;
705002409;AMBER REFLECTOR;Катафот AMBER;NEEDS HUMAN REVIEW;не переведены слова: AMBER;BRP;3.000;1;
420832575;BALL BEARING;Подшипник шариковый;HIGH;;BRP;3.000;1;
420832672;BALL BEARING;Подшипник шариковый;HIGH;;BRP;3.000;1;
420260725;BELLOWS;Гофра;HIGH;;BRP;3.000;1;
860200239;BLACK LATCH KIT;Защёлка чёрный комплект;MEDIUM;в названии есть многозначное слово, проверьте смысл;BRP;3.000;1;
705501864;BOOT CV JOINT KIT;Комплект пыльника ШРУС;HIGH;;BRP;3.000;1;
705400512;BOOT CV JOINT KIT;Комплект пыльника ШРУС;HIGH;;BRP;3.000;1;
420233960;BUSHING;Втулка;HIGH;;BRP;3.000;1;
420233995;BUSHING HALF;Втулка HALF;NEEDS HUMAN REVIEW;не переведены слова: HALF;BRP;3.000;1;
417224113;CAM MOLDED;;NEEDS HUMAN REVIEW;слово «CAM» без человека однозначно не перевести;BRP;3.000;1;
420960770;CAP;Колпачок;MEDIUM;у слова несколько принятых переводов, выберите нужный: CAP;BRP;3.000;1;
420231070;CENTRIFUGAL WEIGHT;Груз CENTRIFUGAL;NEEDS HUMAN REVIEW;не переведены слова: CENTRIFUGAL;BRP;3.000;1;
420660543;CHECK VALVE;Клапан обратный;HIGH;;BRP;3.000;1;
293370038;CIRCLIP;Кольцо стопорное;HIGH;;BRP;3.000;1;
506152709;CLEAR HANDLE BAR;Ручка CLEAR BAR;NEEDS HUMAN REVIEW;не переведены слова: BAR, CLEAR;BRP;3.000;1;
420942331;COLLAR NUT M8;Гайка COLLAR M8;NEEDS HUMAN REVIEW;не переведены слова: COLLAR;BRP;3.000;1;
420231090;DEKO WASHER;Шайба DEKO;NEEDS HUMAN REVIEW;не переведены слова: DEKO;BRP;3.000;1;
420831021;DOUBLE GASKET 0.6 MM;Прокладка DOUBLE 0.6 MM;NEEDS HUMAN REVIEW;не переведены слова: DOUBLE;BRP;3.000;1;
272000173;DRIVE SHAFT PLUG;Пробка приводной вал;MEDIUM;проверьте порядок слов: SHAFT;BRP;3.000;1;
732601143;FLANGED SCREW;Винт фланцевый;HIGH;;BRP;3.000;1;
420460430;FRICTION WASHER;Шайба FRICTION;NEEDS HUMAN REVIEW;не переведены слова: FRICTION;BRP;3.000;1;
518327487;FRONT SUSPENSION SUPPORT;Кронштейн передний подвески;MEDIUM;у слова несколько принятых переводов, выберите нужный: SUPPORT;BRP;3.000;1;
420431041;GASKET;Прокладка;HIGH;;BRP;3.000;1;
506152560;GRIP 148MM;Рукоятка 148MM;HIGH;;BRP;3.000;1;
271002228;GUARD;Защита;HIGH;;BRP;3.000;1;
506152825;HANDLEBAR ANODIZED;Руль ANODIZED;NEEDS HUMAN REVIEW;не переведены слова: ANODIZED;BRP;3.000;1;
420440568;HEX. DISTANCE SCREW M6 X 30.5;Винт шестигранный DISTANCE M6 X 30.5;NEEDS HUMAN REVIEW;не переведены слова: DISTANCE;BRP;3.000;1;
420641762;HEX. FLANGED SCREW M10 X 150;Винт шестигранный фланцевый M10 X 150;HIGH;;BRP;3.000;1;
503190434;LABYRINTH SEAL;Сальник LABYRINTH;NEEDS HUMAN REVIEW;не переведены слова: LABYRINTH;BRP;3.000;1;
420632070;NEEDLE BEARING;Подшипник игольчатый;HIGH;;BRP;3.000;1;
420230920;O-RING;Кольцо уплотнительное;HIGH;;BRP;3.000;1;
293300090;O-RING;Кольцо уплотнительное;HIGH;;BRP;3.000;1;
619230028;O-RING;Кольцо уплотнительное;HIGH;;BRP;3.000;1;
293300122;O-RING;Кольцо уплотнительное;HIGH;;BRP;3.000;1;
420631220;O-RING;Кольцо уплотнительное;HIGH;;BRP;3.000;1;
705502065;O-RING;Кольцо уплотнительное;HIGH;;BRP;3.000;1;
293300022;O-RING, 64 MM X 2 MM;Кольцо уплотнительное 64 MM X 2 MM;HIGH;;BRP;3.000;1;
293650099;OETIKER CLAMP;Хомут OETIKER;HIGH;;BRP;3.000;1;
420631933;OIL SEAL;Сальник;HIGH;;BRP;3.000;1;
705401618;OIL SEAL;Сальник;HIGH;;BRP;3.000;1;
420831956;OIL SEAL;Сальник;HIGH;;BRP;3.000;1;
420650682;OIL SEAL;Сальник;HIGH;;BRP;3.000;1;
420931284;OIL SEAL;Сальник;HIGH;;BRP;3.000;1;
619230031;OIL SEAL;Сальник;HIGH;;BRP;3.000;1;
420931910;OIL SEAL;Сальник;HIGH;;BRP;3.000;1;
417222594;PIN;Палец;HIGH;;BRP;3.000;1;
417222813;PIN SCREW;Винт палец;MEDIUM;проверьте порядок слов: PIN;BRP;3.000;1;
420889050;PISTON ASS'Y 75.86 MM, STANDARD;Поршень в сборе 75.86 MM STANDARD;NEEDS HUMAN REVIEW;не переведены слова: STANDARD;BRP;3.000;1;
420893436;PISTON ASS'Y, 81.852 MM;Поршень в сборе 81.852 MM;MEDIUM;в названии есть многозначное слово, проверьте смысл;BRP;3.000;1;
420889173;PISTON ASS?Y, 75.88 MM, STANDARD;Поршень ASS?Y 75.88 MM STANDARD;NEEDS HUMAN REVIEW;не переведены слова: ASS?Y, STANDARD;BRP;3.000;1;
512060671;PLASTIC NUT;Гайка пластиковый;HIGH;;BRP;3.000;1;
519000376;PUMP_HYDRAULIC;Насос HYDRAULIC;NEEDS HUMAN REVIEW;не переведены слова: HYDRAULIC;BRP;3.000;1;
519000375;PUMP_HYDRAULIC;Насос HYDRAULIC;NEEDS HUMAN REVIEW;не переведены слова: HYDRAULIC;BRP;3.000;1;
517304296;QUARTER-TURN HANDLE;Ручка QUARTER TURN;NEEDS HUMAN REVIEW;не переведены слова: QUARTER, TURN;BRP;3.000;1;
417223098;RAMP 441;;NEEDS HUMAN REVIEW;головное слово не распознано;BRP;3.000;1;
417222883;RAMP 614;;NEEDS HUMAN REVIEW;головное слово не распознано;BRP;3.000;1;
293370183;RETAINING RING_EXTERNAL;;NEEDS HUMAN REVIEW;головное слово не распознано;BRP;3.000;1;
417224916;ROLLER_PULLEY EXT;Ролик шкива EXT;NEEDS HUMAN REVIEW;не переведены слова: EXT;BRP;3.000;1;
420650371;ROTARY SEAL;Сальник ROTARY;NEEDS HUMAN REVIEW;не переведены слова: ROTARY;BRP;3.000;1;
512060448;RUBBER MOUNT;Опора резиновый;HIGH;;BRP;3.000;1;
605348954;RUNNER PROTECTOR;Защита направляющая;MEDIUM;проверьте порядок слов: RUNNER;BRP;3.000;1;
250000290;SCREW HEX. M10 X 60;Винт шестигранный M10 X 60;HIGH;;BRP;3.000;1;
250001044;SCREW-HEX.FLANGE M10 X 16 S.GRIP;Винт HEX.FLANGE M10 X 16 S.GRIP;NEEDS HUMAN REVIEW;не переведены слова: HEX.FLANGE, S.GRIP;BRP;3.000;1;
420460830;SEALING CUP;Стакан SEALING;NEEDS HUMAN REVIEW;не переведены слова: SEALING;BRP;3.000;1;
417212500;SHOE CAM SLIDER;Ползун ползун CAM;NEEDS HUMAN REVIEW;не переведены слова: CAM;BRP;3.000;1;
420231080;SPACER;Проставка;HIGH;;BRP;3.000;1;
292001046;SPONSON ADAPTER;Переходник SPONSON;NEEDS HUMAN REVIEW;не переведены слова: SPONSON;BRP;3.000;1;
514055203;STOPPER;Упор;HIGH;;BRP;3.000;1;
706203286;SWAY BAR BUSHING;Втулка стабилизатора;HIGH;;BRP;3.000;1;
572100901;SWITCH COVER;Крышка выключатель;MEDIUM;проверьте порядок слов: SWITCH;BRP;3.000;1;
293350022;THRUST-BEARING;Подшипник THRUST;NEEDS HUMAN REVIEW;не переведены слова: THRUST;BRP;3.000;1;
250000763;TORX-TRUSS M/S M5 X 14 S.GRIP;;NEEDS HUMAN REVIEW;головное слово не распознано;BRP;3.000;1;
707800288;AIR FILTER;Фильтр воздушный;HIGH;;BRP;2.000;1;
508000807;AIR FILTER LH (NITEX MESH);Фильтр воздушный левый NITEX сетка;MEDIUM;проверьте порядок слов: MESH;BRP;2.000;1;
508000906;AIR FILTER RH, (NITEX MESH);Фильтр воздушный правый NITEX сетка;MEDIUM;проверьте порядок слов: MESH;BRP;2.000;1;
619230037;ALLEN SCREW M8 X 10;Винт ALLEN M8 X 10;NEEDS HUMAN REVIEW;не переведены слова: ALLEN;BRP;2.000;1;
271002182;ANGLED BEARING;Подшипник угловой;HIGH;;BRP;2.000;1;
293350051;BALL BEARING;Подшипник шариковый;HIGH;;BRP;2.000;1;
271001422;BELLOW;Гофра;HIGH;;BRP;2.000;1;
272000184;BELLOWS;Гофра;HIGH;;BRP;2.000;1;
422280366;BELT DRIVE;Ремень вариатора;HIGH;;BRP;2.000;1;
605348425;BELT_DRIVE;Ремень вариатора;HIGH;;BRP;2.000;1;
417300155;BELT_DRIVE;Ремень вариатора;HIGH;;BRP;2.000;1;
417300551;BELT_DRIVE;Ремень вариатора;HIGH;;BRP;2.000;1;
204950033;BIMINI POST;Стойка BIMINI;NEEDS HUMAN REVIEW;не переведены слова: BIMINI;BRP;2.000;1;
505070963;BLACK HANDLE;Ручка чёрный;HIGH;;BRP;2.000;1;
710000817;BLACK-ELECTRONIC KEY;Ключ чёрный ELECTRONIC;NEEDS HUMAN REVIEW;не переведены слова: ELECTRONIC;BRP;2.000;1;
705401354;BOOT CV JOINT KIT;Комплект пыльника ШРУС;HIGH;;BRP;2.000;1;
705401346;BOOT CV JOINT KIT;Комплект пыльника ШРУС;HIGH;;BRP;2.000;1;
715900298;BOOT_CV JOINT KIT;Комплект пыльника ШРУС;HIGH;;BRP;2.000;1;
715900299;BOOT_CV JOINT KIT;Комплект пыльника ШРУС;HIGH;;BRP;2.000;1;
705500870;BOOT_CV JOINT KIT;Комплект пыльника ШРУС;HIGH;;BRP;2.000;1;
705400511;BOOT_CV JOINT KIT;Комплект пыльника ШРУС;HIGH;;BRP;2.000;1;
619230020;BUSHING;Втулка;HIGH;;BRP;2.000;1;
417222758;BUSHING;Втулка;HIGH;;BRP;2.000;1;
417223471;BUSHING;Втулка;HIGH;;BRP;2.000;1;
417004201;BUSHING;Втулка;HIGH;;BRP;2.000;1;
706004641;BUSHING_STABILIZER BAR;Втулка стабилизатора BAR;NEEDS HUMAN REVIEW;не переведены слова: BAR;BRP;2.000;1;
420881148;CARBON BRUSH SET;Щётка CARBON SET;NEEDS HUMAN REVIEW;не переведены слова: CARBON, SET;BRP;2.000;1;
420867300;CARBURETOR SOCKET;Гнездо карбюратор;MEDIUM;проверьте порядок слов: CARBURETOR;BRP;2.000;1;
504153312;CHAIN SLIDER;Ползун цепь;MEDIUM;проверьте порядок слов: CHAIN;BRP;2.000;1;
420956071;CHECK VALVE;Клапан обратный;HIGH;;BRP;2.000;1;
420956511;CHECK VALVE;Клапан обратный;HIGH;;BRP;2.000;1;
420845611;CIRCLIP;Кольцо стопорное;HIGH;;BRP;2.000;1;
420845580;CIRCLIP;Кольцо стопорное;HIGH;;BRP;2.000;1;
293650350;CLAMP_CRIMP;Хомут CRIMP;NEEDS HUMAN REVIEW;не переведены слова: CRIMP;BRP;2.000;1;
420638040;COMPRESSION SPRING;Пружина COMPRESSION;NEEDS HUMAN REVIEW;не переведены слова: COMPRESSION;BRP;2.000;1;
706000009;CONE BEARING;Подшипник CONE;NEEDS HUMAN REVIEW;не переведены слова: CONE;BRP;2.000;1;
420917546;CONNECTING ROD ASS?Y;Шатун ASS?Y;NEEDS HUMAN REVIEW;не переведены слова: ASS?Y;BRP;2.000;1;
706000749;COVER;Крышка;HIGH;;BRP;2.000;1;
705007171;CUP;Стакан;HIGH;;BRP;2.000;1;
706200185;CUSHION;Подушка;HIGH;;BRP;2.000;1;
505072204;DOUBLE BALL JOINT LINK;Шаровая опора DOUBLE LINK;NEEDS HUMAN REVIEW;не переведены слова: DOUBLE, LINK;BRP;2.000;1;
420831022;DOUBLE GASKET 0.7 MM;Прокладка DOUBLE 0.7 MM;NEEDS HUMAN REVIEW;не переведены слова: DOUBLE;BRP;2.000;1;
518326449;DRAFT BAR;;NEEDS HUMAN REVIEW;головное слово не распознано;BRP;2.000;1;
707001179;DRAIN PLUG KIT;Пробка сливная комплект;MEDIUM;в названии есть многозначное слово, проверьте смысл;BRP;2.000;1;
269800521;DRAIN PLUG NECK;Пробка сливная горловина;MEDIUM;проверьте порядок слов: NECK;BRP;2.000;1;
417224044;DRIVE SLIDING SHEAVE ASSY;Щека шкива приводной SLIDING в сборе;NEEDS HUMAN REVIEW;не переведены слова: SLIDING;BRP;2.000;1;
420260723;EXHAUST BELLOWS;Гофра выпускной;HIGH;;BRP;2.000;1;
707601033;EXHAUST GASKET;Прокладка выпускного коллектора;HIGH;;BRP;2.000;1;
274001302;EXHAUST HOSE;Шланг выпускной;HIGH;;BRP;2.000;1;
420931653;EXHAUST MANIFOLD GASKET;Прокладка выпускной коллектор;MEDIUM;проверьте порядок слов: MANIFOLD;BRP;2.000;1;
420854449;EXHAUST VALVE;Клапан выпускной;HIGH;;BRP;2.000;1;
250000418;FLANGED HEX. SCREW M6 X 18, SCOTCH GRIP;Рукоятка фланцевый шестигранный винт M6 X 18 SCOTCH;NEEDS HUMAN REVIEW;не переведены слова: SCOTCH;BRP;2.000;1;
619230055;FORK, FORWARDS;Вилка FORWARDS;NEEDS HUMAN REVIEW;не переведены слова: FORWARDS;BRP;2.000;1;
420874410;FUEL RAIL;Рампа топливная;HIGH;;BRP;2.000;1;
420651211;GASKET;Прокладка;HIGH;;BRP;2.000;1;
420431848;GASKET;Прокладка;HIGH;;BRP;2.000;1;
420630642;GASKET;Прокладка;HIGH;;BRP;2.000;1;
420630260;GASKET;Прокладка;HIGH;;BRP;2.000;1;
420430126;GASKET;Прокладка;HIGH;;BRP;2.000;1;
420430051;GASKET COVER WATER PUMP;Насос водяной прокладка крышка;MEDIUM;проверьте порядок слов: COVER, GASKET;BRP;2.000;1;
420631001;GASKET VALVE ROD HOUSING;Корпус прокладка клапан ROD;NEEDS HUMAN REVIEW;не переведены слова: ROD;BRP;2.000;1;
420853023;GEAR CLAMP;Хомут шестерня;MEDIUM;проверьте порядок слов: GEAR;BRP;2.000;1;
506152486;GRIP;Рукоятка;HIGH;;BRP;2.000;1;
860201802;GRIP HANDLEBAR;Руль рукоятка;MEDIUM;проверьте порядок слов: GRIP;BRP;2.000;1;
271002225;GUARD;Защита;HIGH;;BRP;2.000;1;
417009205;GUARD;Защита;HIGH;;BRP;2.000;1;
705601893;GUARD_HOSE F;Шланг защита F;MEDIUM;проверьте порядок слов: GUARD;BRP;2.000;1;
269800431;HAIRPIN CUTTER;Резак HAIRPIN;NEEDS HUMAN REVIEW;не переведены слова: HAIRPIN;BRP;2.000;1;
420933862;HALF BUSHING;Втулка HALF;NEEDS HUMAN REVIEW;не переведены слова: HALF;BRP;2.000;1;
709400034;HALF-HOUSING;Корпус HALF;NEEDS HUMAN REVIEW;не переведены слова: HALF;BRP;2.000;1;
420933470;HALF-RING;;NEEDS HUMAN REVIEW;слово «HALF» без человека однозначно не перевести;BRP;2.000;1;
506152428;HEATED FILM, 25W;Плёнка HEATED 25W;NEEDS HUMAN REVIEW;не переведены слова: HEATED;BRP;2.000;1;
207581646;HEX. FLANGED SCREW M8 X 16, SCOTCH GRIP;Рукоятка шестигранный фланцевый винт M8 X 16 SCOTCH;NEEDS HUMAN REVIEW;не переведены слова: SCOTCH;BRP;2.000;1;
207087060;HEX. SCREW M8 X 70;Винт шестигранный M8 X 70;HIGH;;BRP;2.000;1;
570027100;HOOD LATCH;Защёлка капот;MEDIUM;проверьте порядок слов: HOOD;BRP;2.000;1;
271000516;IMPELLER BOOT;Пыльник крыльчатки;HIGH;;BRP;2.000;1;
420267042;INTAKE NECK;Горловина впускной;HIGH;;BRP;2.000;1;
706200444;JOINT ATTACHMENT;;NEEDS HUMAN REVIEW;слово «JOINT» без человека однозначно не перевести;BRP;2.000;1;
517304289;LATCH PANNEL;Защёлка PANNEL;NEEDS HUMAN REVIEW;не переведены слова: PANNEL;BRP;2.000;1;
517304572;LATCH-PANEL;Панель защёлка;MEDIUM;проверьте порядок слов: LATCH;BRP;2.000;1;
507032476;LEVER;Рычаг;HIGH;;BRP;2.000;1;
508000731;LH AIR FILTER;Фильтр воздушный левый;HIGH;;BRP;2.000;1;
414803200;LOWER CUSHION;Подушка нижний;HIGH;;BRP;2.000;1;
506153048;LOWER HALF-HOUSING;Корпус нижний HALF;NEEDS HUMAN REVIEW;не переведены слова: HALF;BRP;2.000;1;
512060692;MANIFOLD;Коллектор;HIGH;;BRP;2.000;1;
507032478;MASTER CYLINDER RESERVOIR ASS'Y;Цилиндр MASTER RESERVOIR в сборе;NEEDS HUMAN REVIEW;не переведены слова: MASTER, RESERVOIR;BRP;2.000;1;
611002529;NEEDLE BEARING;Подшипник игольчатый;HIGH;;BRP;2.000;1;
705402848;NEEDLE BEARING;Подшипник игольчатый;HIGH;;BRP;2.000;1;
293200134;NEOPRENE SEAL;Сальник NEOPRENE;NEEDS HUMAN REVIEW;не переведены слова: NEOPRENE;BRP;2.000;1;
614602431;O RING;Кольцо уплотнительное;HIGH;;BRP;2.000;1;
293300117;O-RING;Кольцо уплотнительное;HIGH;;BRP;2.000;1;
293300068;O-RING;Кольцо уплотнительное;HIGH;;BRP;2.000;1;
705500267;O-RING;Кольцо уплотнительное;HIGH;;BRP;2.000;1;
420631612;O-RING;Кольцо уплотнительное;HIGH;;BRP;2.000;1;
420950410;O-RING;Кольцо уплотнительное;HIGH;;BRP;2.000;1;
705002665;OBLONG GROMMET;Втулка резиновая OBLONG;NEEDS HUMAN REVIEW;не переведены слова: OBLONG;BRP;2.000;1;
515176508;OIL LEVEL SENSOR;Датчик масляный LEVEL;NEEDS HUMAN REVIEW;не переведены слова: LEVEL;BRP;2.000;1;
420856533;OIL PRESSURE SWITCH;Датчик давления масла;HIGH;;BRP;2.000;1;
420256978;OIL PRESSURE SWITCH;Датчик давления масла;HIGH;;BRP;2.000;1;
420256915;OIL PRESSURE SWITCH;Датчик давления масла;HIGH;;BRP;2.000;1;
420820090;OIL PUMP SHAFT;Насос масляный вал;MEDIUM;проверьте порядок слов: SHAFT;BRP;2.000;1;
267000094;OIL SEAL;Сальник;HIGH;;BRP;2.000;1;
420430325;OIL SEAL;Сальник;HIGH;;BRP;2.000;1;
420230195;OIL SEAL;Сальник;HIGH;;BRP;2.000;1;
420430580;OIL SEAL;Сальник;HIGH;;BRP;2.000;1;
705501556;OIL SEAL;Сальник;HIGH;;BRP;2.000;1;
293250138;OIL SEAL;Сальник;HIGH;;BRP;2.000;1;
420930392;OIL SEAL;Сальник;HIGH;;BRP;2.000;1;
420630152;OIL SEAL;Сальник;HIGH;;BRP;2.000;1;
619230010;OIL SEAL;Сальник;HIGH;;BRP;2.000;1;
420852639;PAWL;;NEEDS HUMAN REVIEW;головное слово не распознано;BRP;2.000;1;
417224510;PIN;Палец;HIGH;;BRP;2.000;1;
420890071;PISTON 72.16, 1ST OVERSIZE;Поршень 72.16 1ST OVERSIZE;NEEDS HUMAN REVIEW;не переведены слова: OVERSIZE;BRP;2.000;1;
420893895;PISTON ASS'Y WITH RINGS, 72.17MM;Поршень в сборе WITH RINGS 72.17MM;NEEDS HUMAN REVIEW;не переведены слова: RINGS, WITH;BRP;2.000;1;
420893797;PISTON ASS'Y,;Поршень в сборе;MEDIUM;в названии есть многозначное слово, проверьте смысл;BRP;2.000;1;
420889052;PISTON ASSY 76.36 MM, 2ND OVERSIZE;Поршень в сборе 76.36 MM 2ND OVERSIZE;NEEDS HUMAN REVIEW;не переведены слова: OVERSIZE;BRP;2.000;1;
292002022;PLUG ASS'Y;Пробка в сборе;MEDIUM;в названии есть многозначное слово, проверьте смысл;BRP;2.000;1;
420641150;PLUG SCREW;Винт пробка;MEDIUM;проверьте порядок слов: PLUG;BRP;2.000;1;
504153054;PROTECTIVE RUBBER;;NEEDS HUMAN REVIEW;головное слово не распознано;BRP;2.000;1;
271000459;PROTECTOR HOSE;Шланг защита;MEDIUM;проверьте порядок слов: PROTECTOR;BRP;2.000;1;
271002029;REDUCER;;NEEDS HUMAN REVIEW;головное слово не распознано;BRP;2.000;1;
420924532;REED PEDAL;;NEEDS HUMAN REVIEW;головное слово не распознано;BRP;2.000;1;
517302673;RETAINER CABLE;Трос фиксатор;MEDIUM;проверьте порядок слов: RETAINER;BRP;2.000;1;
518325949;RH FRONT MEMBER;Балка правый передний;HIGH;;BRP;2.000;1;
517305787;RH/LH MIRROR ASS'Y;Зеркало правый левый в сборе;MEDIUM;в названии есть многозначное слово, проверьте смысл;BRP;2.000;1;
293150151;RIVET_POP 1/4 X ,625;Заклёпка POP 1 4 X 625;NEEDS HUMAN REVIEW;не переведены слова: POP;BRP;2.000;1;
506152498;ROD_LINK;;NEEDS HUMAN REVIEW;слово «ROD» без человека однозначно не перевести;BRP;2.000;1;
705400352;RUBBER BELLOW;Гофра резиновый;HIGH;;BRP;2.000;1;
705401093;RUBBER BOOT;Пыльник резиновый;HIGH;;BRP;2.000;1;
512059691;RUBBER MOUNT;Опора резиновый;HIGH;;BRP;2.000;1;
420850045;RUBBER RING;;NEEDS HUMAN REVIEW;головное слово не распознано;BRP;2.000;1;
503191291;RUBBER STOPPER;Упор резиновый;HIGH;;BRP;2.000;1;
503190576;RUBBER STOPPER;Упор резиновый;HIGH;;BRP;2.000;1;
503192299;RUNNER PROTECTOR;Защита направляющая;MEDIUM;проверьте порядок слов: RUNNER;BRP;2.000;1;
572075400;RUNNER PROTECTOR;Защита направляющая;MEDIUM;проверьте порядок слов: RUNNER;BRP;2.000;1;
250001024;SCREW HEX. M10 X 70;Винт шестигранный M10 X 70;HIGH;;BRP;2.000;1;
271002071;SEAL;Сальник;HIGH;;BRP;2.000;1;
5444186;Seal;Сальник;HIGH;;BRP;2.000;1;
505074138;SKI STOPPER;Ограничитель лыжи;HIGH;;BRP;2.000;1;
505072594;SKI STOPPER;Ограничитель лыжи;HIGH;;BRP;2.000;1;
417223606;SLIDER FLANGE ASS'Y;Фланец ползун в сборе;MEDIUM;проверьте порядок слов: SLIDER;BRP;2.000;1;
520001405;SNOW GUARD;Защита SNOW;NEEDS HUMAN REVIEW;не переведены слова: SNOW;BRP;2.000;1;
271001393;SPACER;Проставка;HIGH;;BRP;2.000;1;
415129484;SPARK PLUG NGK PFR7AB;Свеча зажигания NGK PFR7AB;NEEDS HUMAN REVIEW;не переведены слова: PFR7AB;BRP;2.000;1;
415130430;SPARK PLUG NGK PZFR6F;Свеча зажигания NGK PZFR6F;NEEDS HUMAN REVIEW;не переведены слова: PZFR6F;BRP;2.000;1;
420239943;SPRING;Пружина;HIGH;;BRP;2.000;1;
514054226;SPRING;Пружина;HIGH;;BRP;2.000;1;
420238120;SPRING;Пружина;HIGH;;BRP;2.000;1;
250000958;SPRING NUT U M5 X 0.8;Гайка пружина U M5 X 0.8;MEDIUM;проверьте порядок слов: SPRING;BRP;2.000;1;
417222312;SPRING SEAT;Сиденье пружина;MEDIUM;проверьте порядок слов: SPRING;BRP;2.000;1;
415129020;SPRING-COMPRESSION;Пружина COMPRESSION;NEEDS HUMAN REVIEW;не переведены слова: COMPRESSION;BRP;2.000;1;
420430041;SQUARE RING;;NEEDS HUMAN REVIEW;головное слово не распознано;BRP;2.000;1;
420660280;STOP SLEEVE;Втулка распорная STOP;NEEDS HUMAN REVIEW;не переведены слова: STOP;BRP;2.000;1;
293850093;STRAP-FUEL TANK;Ремешок топливный TANK;NEEDS HUMAN REVIEW;не переведены слова: TANK;BRP;2.000;1;
417127116;SWIVEL ABUTMENT;;NEEDS HUMAN REVIEW;головное слово не распознано;BRP;2.000;1;
420822655;THERMOSTAT;Термостат;HIGH;;BRP;2.000;1;
235381646;TORX FLAT HEAD SCREW M8X16, SCOTCHGRIP;Винт TORX FLAT HEAD M8X16 SCOTCHGRIP;NEEDS HUMAN REVIEW;не переведены слова: FLAT, HEAD, SCOTCHGRIP, TORX;BRP;2.000;1;
268000013;TRIANGLE;;NEEDS HUMAN REVIEW;головное слово не распознано;BRP;2.000;1;
293650179;TRIDON GEAR CLAMP;Хомут TRIDON шестерня;NEEDS HUMAN REVIEW;не переведены слова: TRIDON;BRP;2.000;1;
420854900;UPPER EXHAUST VALVE;Клапан выпускной верхний;HIGH;;BRP;2.000;1;
505071059;VIPER RED HANDLE;Ручка VIPER RED;NEEDS HUMAN REVIEW;не переведены слова: RED, VIPER;BRP;2.000;1;
420822287;WATER PUMP HOUSING;Насос водяной корпус;MEDIUM;проверьте порядок слов: HOUSING;BRP;2.000;1;
705400520;WHEEL CAP;Колпак колеса;MEDIUM;у слова несколько принятых переводов, выберите нужный: CAP;BRP;2.000;1;
5440645;Adjustment plate, extension;Пластина ADJUSTMENT EXTENSION;NEEDS HUMAN REVIEW;не переведены слова: ADJUSTMENT, EXTENSION;BRP;1.000;1;
508000568;AIR FILTER;Фильтр воздушный;HIGH;;BRP;1.000;1;
508000609;AIR FILTER;Фильтр воздушный;HIGH;;BRP;1.000;1;
508000905;AIR FILTER LH  (NITEX MESH);Фильтр воздушный левый NITEX сетка;MEDIUM;проверьте порядок слов: MESH;BRP;1.000;1;
508000806;AIR FILTER RH, (NITEX MESH);Фильтр воздушный правый NITEX сетка;MEDIUM;проверьте порядок слов: MESH;BRP;1.000;1;
508000595;AIR INTAKE FILTER;Фильтр воздухозаборника;HIGH;;BRP;1.000;1;
278003400;ANTI-THEFT TETHER CORD;Шнур ANTI THEFT чека;NEEDS HUMAN REVIEW;не переведены слова: ANTI, THEFT;BRP;1.000;1;
503190643;AXLE BAR (LONG);Ось BAR длинный;NEEDS HUMAN REVIEW;не переведены слова: BAR;BRP;1.000;1;
709400439;BALL BEARING;Подшипник шариковый;HIGH;;BRP;1.000;1;
293350074;BALL BEARING;Подшипник шариковый;HIGH;;BRP;1.000;1;
420832590;BALL BEARING;Подшипник шариковый;HIGH;;BRP;1.000;1;
420832584;BALL BEARING;Подшипник шариковый;HIGH;;BRP;1.000;1;
420832600;BALL BEARING;Подшипник шариковый;HIGH;;BRP;1.000;1;
420232100;BALL BEARING;Подшипник шариковый;HIGH;;BRP;1.000;1;
420832702;BALL BEARING;Подшипник шариковый;HIGH;;BRP;1.000;1;
204120074;BALL JOINT;Шаровая опора;HIGH;;BRP;1.000;1;
507032437;BEARING HOUSING;Корпус подшипника;HIGH;;BRP;1.000;1;
422280283;BELT DRIVE;Ремень вариатора;HIGH;;BRP;1.000;1;
417300586;BELT_DRIVE;Ремень вариатора;HIGH;;BRP;1.000;1;
417300197;BELT_DRIVE;Ремень вариатора;HIGH;;BRP;1.000;1;
414633800;BELT_DRIVE;Ремень вариатора;HIGH;;BRP;1.000;1;
295100739;BILGE PUMP;Насос трюмный;HIGH;;BRP;1.000;1;
503193098;BLACK WHEEL ASS'Y, 200 MM;Колесо чёрный в сборе 200 MM;MEDIUM;в названии есть многозначное слово, проверьте смысл;BRP;1.000;1;
503192427;BLOCK-RH;;NEEDS HUMAN REVIEW;слово «BLOCK» без человека однозначно не перевести;BRP;1.000;1;
705400127;BOOT_CV JOINT KIT;Комплект пыльника ШРУС;HIGH;;BRP;1.000;1;
705500855;BOOT_CV JOINT KIT;Комплект пыльника ШРУС;HIGH;;BRP;1.000;1;
705500907;BOOT_CV JOINT KIT;Комплект пыльника ШРУС;HIGH;;BRP;1.000;1;
517306982;BOTTOM PAN AIR VENT RH.;Вентиляционная решётка BOTTOM PAN воздушный RH.;NEEDS HUMAN REVIEW;не переведены слова: BOTTOM, PAN, RH.;BRP;1.000;1;
502006687;BOTTOM PAN GRILL;Решётка BOTTOM PAN;NEEDS HUMAN REVIEW;не переведены слова: BOTTOM, PAN;BRP;1.000;1;
420997033;BOWDEN CABLE ASSY;Трос BOWDEN в сборе;NEEDS HUMAN REVIEW;не переведены слова: BOWDEN;BRP;1.000;1;
705601519;BRAKE LINE;Магистраль тормозная;HIGH;;BRP;1.000;1;
710001345;BRAKE SWITCH;Выключатель стоп-сигнала;HIGH;;BRP;1.000;1;
514053352;BUMPER;Бампер;HIGH;;BRP;1.000;1;
514054275;BUMPER;Бампер;HIGH;;BRP;1.000;1;
502007869;BUMPER F;Бампер F;HIGH;;BRP;1.000;1;
502006679;BUMPER, BLACK;Бампер чёрный;HIGH;;BRP;1.000;1;
274001321;BUSHING;Втулка;HIGH;;BRP;1.000;1;
417009204;BUSHING;Втулка;HIGH;;BRP;1.000;1;
417127318;BUSHING;Втулка;HIGH;;BRP;1.000;1;
417223086;BUSHING;Втулка;HIGH;;BRP;1.000;1;
512059626;CALIBRATION MODULE;Модуль CALIBRATION;NEEDS HUMAN REVIEW;не переведены слова: CALIBRATION;BRP;1.000;1;
417222955;CALIBRATION SCREW;Винт CALIBRATION;NEEDS HUMAN REVIEW;не переведены слова: CALIBRATION;BRP;1.000;1;
420280473;CAM;;NEEDS HUMAN REVIEW;слово «CAM» без человека однозначно не перевести;BRP;1.000;1;
417127367;CAM ASS'Y;;NEEDS HUMAN REVIEW;слово «CAM» без человека однозначно не перевести;BRP;1.000;1;
420664046;CAMSHAFT POSITION SENSOR ASS'Y;Датчик CAMSHAFT POSITION в сборе;NEEDS HUMAN REVIEW;не переведены слова: CAMSHAFT, POSITION;BRP;1.000;1;
504154145;CAP;Колпачок;MEDIUM;у слова несколько принятых переводов, выберите нужный: CAP;BRP;1.000;1;
503193894;CASTED SUPPORT;Кронштейн CASTED;NEEDS HUMAN REVIEW;не переведены слова: CASTED;BRP;1.000;1;
275500398;CHECK VALVE;Клапан обратный;HIGH;;BRP;1.000;1;
512060674;CHOKE CABLE;Трос CHOKE;NEEDS HUMAN REVIEW;не переведены слова: CHOKE;BRP;1.000;1;
420851110;CLAMP;Хомут;HIGH;;BRP;1.000;1;
507032477;CLAMP AND SCREW KIT;Винт хомут AND комплект;NEEDS HUMAN REVIEW;не переведены слова: AND;BRP;1.000;1;
860202520;CLAMP KIT;Хомут комплект;MEDIUM;в названии есть многозначное слово, проверьте смысл;BRP;1.000;1;
293650332;CLAMP_CRIMP;Хомут CRIMP;NEEDS HUMAN REVIEW;не переведены слова: CRIMP;BRP;1.000;1;
506152708;CLEAR HANDLE BAR;Ручка CLEAR BAR;NEEDS HUMAN REVIEW;не переведены слова: BAR, CLEAR;BRP;1.000;1;
517302674;CLIP;Клипса;HIGH;;BRP;1.000;1;
250200171;CONICAL SPRING WASHER M18;Шайба CONICAL пружина M18;NEEDS HUMAN REVIEW;не переведены слова: CONICAL;BRP;1.000;1;
517304518;CONSOLE NUT;Гайка CONSOLE;NEEDS HUMAN REVIEW;не переведены слова: CONSOLE;BRP;1.000;1;
420254630;COTTER VALVE;Клапан COTTER;NEEDS HUMAN REVIEW;не переведены слова: COTTER;BRP;1.000;1;
420910821;COVER;Крышка;HIGH;;BRP;1.000;1;
415129685;COVER;Крышка;HIGH;;BRP;1.000;1;
505070003;CUSHION;Подушка;HIGH;;BRP;1.000;1;
M544417;CUSHION;Подушка;HIGH;;BRP;1.000;1;
417300440;CVT AIR DUCT PULLEY;Шкив CVT воздушный DUCT;NEEDS HUMAN REVIEW;не переведены слова: CVT, DUCT;BRP;1.000;1;
420413041;CYLINDER;Цилиндр;HIGH;;BRP;1.000;1;
420413575;CYLINDER BLOCK PLASMA;Цилиндр BLOCK PLASMA;NEEDS HUMAN REVIEW;не переведены слова: BLOCK, PLASMA;BRP;1.000;1;
516008458;DECAL RH;Наклейка правый;HIGH;;BRP;1.000;1;
516007614;DECAL RH;Наклейка правый;HIGH;;BRP;1.000;1;
502007175;DEEP BLACK LH BOTTOM PAN;;NEEDS HUMAN REVIEW;головное слово не распознано;BRP;1.000;1;
509000985;DEFLECTOR;Дефлектор;HIGH;;BRP;1.000;1;
420620120;DEKO SHAFT;Вал DEKO;NEEDS HUMAN REVIEW;не переведены слова: DEKO;BRP;1.000;1;
420238270;DEKO TORSION SPRING;Пружина DEKO TORSION;NEEDS HUMAN REVIEW;не переведены слова: DEKO, TORSION;BRP;1.000;1;
529036415;DISTANCE GAUGE;Указатель DISTANCE;NEEDS HUMAN REVIEW;не переведены слова: DISTANCE;BRP;1.000;1;
502007676;DOOR - BOTTOM PAN;;NEEDS HUMAN REVIEW;головное слово не распознано;BRP;1.000;1;
420430082;DOUBLE GASKET 0.7 MM;Прокладка DOUBLE 0.7 MM;NEEDS HUMAN REVIEW;не переведены слова: DOUBLE;BRP;1.000;1;
292001552;DRAIN NECK;Горловина DRAIN;NEEDS HUMAN REVIEW;не переведены слова: DRAIN;BRP;1.000;1;
705500894;DRAIN PLUG;Пробка сливная;HIGH;;BRP;1.000;1;
504153759;DRIVE CHAIN, 116 LINKS;Цепь приводной 116 LINKS;NEEDS HUMAN REVIEW;не переведены слова: LINKS;BRP;1.000;1;
420257195;DRIVE PULLEY CLUTCH;Шкив приводной CLUTCH;NEEDS HUMAN REVIEW;не переведены слова: CLUTCH;BRP;1.000;1;
420280467;DRIVE SLIDING SHEAVE ASSY;Щека шкива приводной SLIDING в сборе;NEEDS HUMAN REVIEW;не переведены слова: SLIDING;BRP;1.000;1;
417224101;DRIVE SLIDING SHEAVE ASSY;Щека шкива приводной SLIDING в сборе;NEEDS HUMAN REVIEW;не переведены слова: SLIDING;BRP;1.000;1;
420280199;DRIVEN PULLEY CAM;Шкив DRIVEN CAM;NEEDS HUMAN REVIEW;не переведены слова: CAM, DRIVEN;BRP;1.000;1;
709400449;END-PIECE;;NEEDS HUMAN REVIEW;слово «END» без человека однозначно не перевести;BRP;1.000;1;
274001417;EXHAUST CLAMP;Хомут выпускной;HIGH;;BRP;1.000;1;
420950253;EXHAUST GASKET;Прокладка выпускного коллектора;HIGH;;BRP;1.000;1;
514054767;EXHAUST MUFFLER SUPPORT;Кронштейн выпускной глушитель;MEDIUM;у слова несколько принятых переводов, выберите нужный: SUPPORT;BRP;1.000;1;
605251783;EXTENSION TUBE LH;Трубка EXTENSION левый;NEEDS HUMAN REVIEW;не переведены слова: EXTENSION;BRP;1.000;1;
518326450;FASTENING PLATE;Пластина FASTENING;NEEDS HUMAN REVIEW;не переведены слова: FASTENING;BRP;1.000;1;
250000412;FLANGED HEX. SCREW M6 X 12, SCOTCH GRIP;Рукоятка фланцевый шестигранный винт M6 X 12 SCOTCH;NEEDS HUMAN REVIEW;не переведены слова: SCOTCH;BRP;1.000;1;
207583086;FLANGED HEX. SCREW M8 X 30, SCOTCH GRIP;Рукоятка фланцевый шестигранный винт M8 X 30 SCOTCH;NEEDS HUMAN REVIEW;не переведены слова: SCOTCH;BRP;1.000;1;
250200102;FLAT WASHER M12;Шайба FLAT M12;NEEDS HUMAN REVIEW;не переведены слова: FLAT;BRP;1.000;1;
250200022;FLAT WASHER M6.6 X 22;Шайба FLAT M6.6 X 22;NEEDS HUMAN REVIEW;не переведены слова: FLAT;BRP;1.000;1;
619230015;FORK, REVERSE;Вилка REVERSE;NEEDS HUMAN REVIEW;не переведены слова: REVERSE;BRP;1.000;1;
420922828;FORMED HOSE;Шланг FORMED;NEEDS HUMAN REVIEW;не переведены слова: FORMED;BRP;1.000;1;
518325524;FRAME CORNER LH;;NEEDS HUMAN REVIEW;головное слово не распознано;BRP;1.000;1;
518325643;FRAME CORNER LH;;NEEDS HUMAN REVIEW;головное слово не распознано;BRP;1.000;1;
518325644;FRAME CORNER RH;;NEEDS HUMAN REVIEW;головное слово не распознано;BRP;1.000;1;
518328024;FRAME CORNER RH;;NEEDS HUMAN REVIEW;головное слово не распознано;BRP;1.000;1;
715000548;FRNT SKID;Отбойник FRNT;NEEDS HUMAN REVIEW;не переведены слова: FRNT;BRP;1.000;1;
518326198;FRONT MEMBER;Балка передний;HIGH;;BRP;1.000;1;
420874876;FUEL INJECTOR PTO;Форсунка топливный PTO;NEEDS HUMAN REVIEW;не переведены слова: PTO;BRP;1.000;1;
515176065;FUSE BOX BASE;Коробка предохранитель BASE;NEEDS HUMAN REVIEW;не переведены слова: BASE;BRP;1.000;1;
420931811;GASKET;Прокладка;HIGH;;BRP;1.000;1;
420630620;GASKET;Прокладка;HIGH;;BRP;1.000;1;
420431822;GASKET;Прокладка;HIGH;;BRP;1.000;1;
420950745;GASKET;Прокладка;HIGH;;BRP;1.000;1;
420430780;GASKET;Прокладка;HIGH;;BRP;1.000;1;
420431290;GASKET;Прокладка;HIGH;;BRP;1.000;1;
709000540;GASKET;Прокладка;HIGH;;BRP;1.000;1;
404104200;GASKET;Прокладка;HIGH;;BRP;1.000;1;
420250239;GASKET;Прокладка;HIGH;;BRP;1.000;1;
415129370;GAUGE RING;Указатель RING;NEEDS HUMAN REVIEW;не переведены слова: RING;BRP;1.000;1;
420856877;GICLEUR D'HUILE ASS'Y;;NEEDS HUMAN REVIEW;головное слово не распознано;BRP;1.000;1;
709400450;GPS SUPPORT PROTECTOR;Защита GPS кронштейн;NEEDS HUMAN REVIEW;не переведены слова: GPS;BRP;1.000;1;
517307408;GRILL RH;Решётка правый;HIGH;;BRP;1.000;1;
293720008;GROMMET;Втулка резиновая;HIGH;;BRP;1.000;1;
293720058;GROMMET;Втулка резиновая;HIGH;;BRP;1.000;1;
705004888;GUARD_MUD;Защита MUD;NEEDS HUMAN REVIEW;не переведены слова: MUD;BRP;1.000;1;
705004889;GUARD_MUD;Защита MUD;NEEDS HUMAN REVIEW;не переведены слова: MUD;BRP;1.000;1;
417300381;GUIDE;Направляющая;HIGH;;BRP;1.000;1;
404105500;GUIDE SCREW;Винт направляющая;MEDIUM;проверьте порядок слов: GUIDE;BRP;1.000;1;
707000595;HAND LEVER_ACCELERATOR;Рычаг HAND ACCELERATOR;NEEDS HUMAN REVIEW;не переведены слова: ACCELERATOR, HAND;BRP;1.000;1;
512061250;HANDLE ASS'Y;Ручка в сборе;MEDIUM;в названии есть многозначное слово, проверьте смысл;BRP;1.000;1;
250001039;HEX FLANGED SCREW M12 X 16;Винт шестигранный фланцевый M12 X 16;HIGH;;BRP;1.000;1;
232291413;HEX. FLANGED CASTELLATED NUT M18;Гайка шестигранный фланцевый CASTELLATED M18;NEEDS HUMAN REVIEW;не переведены слова: CASTELLATED;BRP;1.000;1;
250000059;HEX. FLANGED SCEW M6 X 18;;NEEDS HUMAN REVIEW;головное слово не распознано;BRP;1.000;1;
517307433;HOOD;Капот;HIGH;;BRP;1.000;1;
517305553;HOOD GRILL WITH MESH;Сетка капот решётка WITH;NEEDS HUMAN REVIEW;не переведены слова: WITH;BRP;1.000;1;
5342952;HOOD LATCH;Защёлка капот;MEDIUM;проверьте порядок слов: HOOD;BRP;1.000;1;
517305240;HOOD LH B-160;Капот левый B 160;HIGH;;BRP;1.000;1;
517306311;HOOK - RIGHT;Крюк правый;HIGH;;BRP;1.000;1;
420660290;HOSE BRACKET;Кронштейн шланг;MEDIUM;проверьте порядок слов: HOSE;BRP;1.000;1;
509000983;HOSE RADIATOR;Радиатор шланг;MEDIUM;проверьте порядок слов: HOSE;BRP;1.000;1;
512060953;IGNITION COIL;Катушка зажигания;HIGH;;BRP;1.000;1;
710002324;IGNITION SWITCH;Выключатель IGNITION;NEEDS HUMAN REVIEW;не переведены слова: IGNITION;BRP;1.000;1;
271000517;IMPELLER RING;Крыльчатка RING;NEEDS HUMAN REVIEW;не переведены слова: RING;BRP;1.000;1;
271001153;IMPELLER RING;Крыльчатка RING;NEEDS HUMAN REVIEW;не переведены слова: RING;BRP;1.000;1;
293450153;INSERT;Вставка;MEDIUM;у слова несколько принятых переводов, выберите нужный: INSERT;BRP;1.000;1;
420267340;INTAKE NECK;Горловина впускной;HIGH;;BRP;1.000;1;
420434582;INTERMEDITE GEAR, 21 TEETH;Шестерня INTERMEDITE 21 TEETH;NEEDS HUMAN REVIEW;не переведены слова: INTERMEDITE, TEETH;BRP;1.000;1;
515177362;KILL SWITCH;Выключатель KILL;NEEDS HUMAN REVIEW;не переведены слова: KILL;BRP;1.000;1;
515176825;KILL SWITCH SUPPORT;Кронштейн KILL выключатель;NEEDS HUMAN REVIEW;не переведены слова: KILL;BRP;1.000;1;
703501262;KIT BALL JOINT WITH CIRCLIP;Шаровая опора комплект WITH кольцо стопорное;NEEDS HUMAN REVIEW;не переведены слова: WITH;BRP;1.000;1;
269500530;LATCH;Защёлка;HIGH;;BRP;1.000;1;
517304290;LATCH PANEL;Панель защёлка;MEDIUM;проверьте порядок слов: LATCH;BRP;1.000;1;
415129320;LENS;Рассеиватель;HIGH;;BRP;1.000;1;
414513700;LENS;Рассеиватель;HIGH;;BRP;1.000;1;
415129216;LEVER;Рычаг;HIGH;;BRP;1.000;1;
507032428;LEVER;Рычаг;HIGH;;BRP;1.000;1;
706000554;LEVER;Рычаг;HIGH;;BRP;1.000;1;
705004409;LH CAP;Колпачок левый;MEDIUM;у слова несколько принятых переводов, выберите нужный: CAP;BRP;1.000;1;
518325950;LH FRONT MEMBER;Балка левый передний;HIGH;;BRP;1.000;1;
232066414;LH HEX. NUT M6;Гайка левый шестигранный M6;HIGH;;BRP;1.000;1;
515177509;LH HOUSING SWITCH;Выключатель левый корпус;MEDIUM;проверьте порядок слов: HOUSING;BRP;1.000;1;
705400817;LH KNUCKLE;;NEEDS HUMAN REVIEW;головное слово не распознано;BRP;1.000;1;
517303808;LH PANEL LATCH;Защёлка левый панель;MEDIUM;проверьте порядок слов: PANEL;BRP;1.000;1;
277001486;LH SIDE VANE;;NEEDS HUMAN REVIEW;головное слово не распознано;BRP;1.000;1;
710001633;LOCK;;NEEDS HUMAN REVIEW;головное слово не распознано;BRP;1.000;1;
705002283;LOWER GRILL;Решётка нижний;HIGH;;BRP;1.000;1;
504152619;MAGNETIC CAP;Колпачок MAGNETIC;NEEDS HUMAN REVIEW;не переведены слова: MAGNETIC;BRP;1.000;1;
507032596;MASTER CYLINDER;Цилиндр MASTER;NEEDS HUMAN REVIEW;не переведены слова: MASTER;BRP;1.000;1;
507032408;MASTER CYLINDER ASS'Y;Цилиндр MASTER в сборе;NEEDS HUMAN REVIEW;не переведены слова: MASTER;BRP;1.000;1;
507032597;MICROSWITCH;;NEEDS HUMAN REVIEW;головное слово не распознано;BRP;1.000;1;
507032479;MICROSWITCH;;NEEDS HUMAN REVIEW;головное слово не распознано;BRP;1.000;1;
715000190;MIRROR BRACKET;Кронштейн зеркало;MEDIUM;проверьте порядок слов: MIRROR;BRP;1.000;1;
705502058;NEEDLE BEARING;Подшипник игольчатый;HIGH;;BRP;1.000;1;
420632300;NEEDLE BEARING;Подшипник игольчатый;HIGH;;BRP;1.000;1;
420832240;NEEDLE BEARING;Подшипник игольчатый;HIGH;;BRP;1.000;1;
705501408;NEEDLE BEARING;Подшипник игольчатый;HIGH;;BRP;1.000;1;
703500836;NEEDLE BEARING ASS'Y;Подшипник игольчатый в сборе;MEDIUM;в названии есть многозначное слово, проверьте смысл;BRP;1.000;1;
420232480;NEEDLE BUSHING;Втулка игла;MEDIUM;проверьте порядок слов: NEEDLE;BRP;1.000;1;
404162036;NEEDLE JET;Игла JET;NEEDS HUMAN REVIEW;не переведены слова: JET;BRP;1.000;1;
293200087;NEOPRENE SEAL;Сальник NEOPRENE;NEEDS HUMAN REVIEW;не переведены слова: NEOPRENE;BRP;1.000;1;
293300185;O RING;Кольцо уплотнительное;HIGH;;BRP;1.000;1;
420850500;O-RING;Кольцо уплотнительное;HIGH;;BRP;1.000;1;
420950860;O-RING;Кольцо уплотнительное;HIGH;;BRP;1.000;1;
420950360;O-RING;Кольцо уплотнительное;HIGH;;BRP;1.000;1;
293300011;O-RING;Кольцо уплотнительное;HIGH;;BRP;1.000;1;
707200092;O-RING;Кольцо уплотнительное;HIGH;;BRP;1.000;1;
614601523;O-ring;Кольцо уплотнительное;HIGH;;BRP;1.000;1;
509000529;OETIKER CLAMP;Хомут OETIKER;HIGH;;BRP;1.000;1;
420256802;OIL DIPSTICK;;NEEDS HUMAN REVIEW;головное слово не распознано;BRP;1.000;1;
420856536;OIL PRESSURE SWITCH;Датчик давления масла;HIGH;;BRP;1.000;1;
420856537;OIL PRESSURE SWITCH;Датчик давления масла;HIGH;;BRP;1.000;1;
519000305;OIL PUMP;Насос масляный;HIGH;;BRP;1.000;1;
420210646;OIL PUMP COVER;Насос масляный крышка;MEDIUM;проверьте порядок слов: COVER;BRP;1.000;1;
420237059;OIL PUMP SHAFT;Насос масляный вал;MEDIUM;проверьте порядок слов: SHAFT;BRP;1.000;1;
420850050;OIL SEAL;Сальник;HIGH;;BRP;1.000;1;
420950089;OIL SEAL;Сальник;HIGH;;BRP;1.000;1;
420250130;OIL SEAL;Сальник;HIGH;;BRP;1.000;1;
420831990;OIL SEAL;Сальник;HIGH;;BRP;1.000;1;
614102852;OIL SEAL;Сальник;HIGH;;BRP;1.000;1;
614102031;Oil seal;Сальник;HIGH;;BRP;1.000;1;
278001515;OIL SENSOR;Датчик масляный;HIGH;;BRP;1.000;1;
507032473;PAD_BRAKE KIT;Колодка тормозной комплект;MEDIUM;в названии есть многозначное слово, проверьте смысл;BRP;1.000;1;
420852640;PAWL LOCK;;NEEDS HUMAN REVIEW;головное слово не распознано;BRP;1.000;1;
420934102;PINION GEAR 28T;Шестерня PINION 28T;NEEDS HUMAN REVIEW;не переведены слова: PINION;BRP;1.000;1;
705501162;PINION GEAR SHIM;Шайба регулировочная PINION шестерня;NEEDS HUMAN REVIEW;не переведены слова: PINION;BRP;1.000;1;
703500049;PINION SHIM KIT;Шайба регулировочная PINION комплект;NEEDS HUMAN REVIEW;не переведены слова: PINION;BRP;1.000;1;
420845107;PISTON CIRCLIP;Кольцо стопорное поршневого пальца;HIGH;;BRP;1.000;1;
420933545;PLAIN BEARING;Подшипник PLAIN;NEEDS HUMAN REVIEW;не переведены слова: PLAIN;BRP;1.000;1;
715002412;PLASTIC LINQ;;NEEDS HUMAN REVIEW;головное слово не распознано;BRP;1.000;1;
512059094;PLASTIC NUT;Гайка пластиковый;HIGH;;BRP;1.000;1;
705501724;PLUG DRAIN;Пробка DRAIN;NEEDS HUMAN REVIEW;не переведены слова: DRAIN;BRP;1.000;1;
404162038;PLUNGER ASS'Y;;NEEDS HUMAN REVIEW;головное слово не распознано;BRP;1.000;1;
420866120;POSITION SENSOR;Датчик POSITION;NEEDS HUMAN REVIEW;не переведены слова: POSITION;BRP;1.000;1;
710000496;PROTECTOR CAP;Колпачок защита;MEDIUM;у слова несколько принятых переводов, выберите нужный: CAP;BRP;1.000;1;
417300432;PULLEY DRIVE BOLT;Болт шкив приводной;MEDIUM;проверьте порядок слов: PULLEY;BRP;1.000;1;
271001124;PUSHER ASS?Y;;NEEDS HUMAN REVIEW;головное слово не распознано;BRP;1.000;1;
417222508;RAMP 413;;NEEDS HUMAN REVIEW;головное слово не распознано;BRP;1.000;1;
417222444;RAMP 600;;NEEDS HUMAN REVIEW;головное слово не распознано;BRP;1.000;1;
417223088;RAMP 617;;NEEDS HUMAN REVIEW;головное слово не распознано;BRP;1.000;1;
511000764;REAR LIGHT COVER;Крышка задний LIGHT;NEEDS HUMAN REVIEW;не переведены слова: LIGHT;BRP;1.000;1;
420610891;REDUCTION COVER GEAR;Шестерня REDUCTION крышка;NEEDS HUMAN REVIEW;не переведены слова: REDUCTION;BRP;1.000;1;
415129821;REGULATOR;;NEEDS HUMAN REVIEW;головное слово не распознано;BRP;1.000;1;
710010539;REGULATOR_VOLTAGE;;NEEDS HUMAN REVIEW;головное слово не распознано;BRP;1.000;1;
515176775;RELAY, 50 AMP;Реле 50 AMP;NEEDS HUMAN REVIEW;не переведены слова: AMP;BRP;1.000;1;
271001334;REVERSE HANDLE, APPLE GREEN;Ручка REVERSE APPLE GREEN;NEEDS HUMAN REVIEW;не переведены слова: APPLE, GREEN, REVERSE;BRP;1.000;1;
572030900;RH ADJUST CAM;;NEEDS HUMAN REVIEW;головное слово не распознано;BRP;1.000;1;
705006135;RH AIR DEFLECTOR;Дефлектор правый воздушный;HIGH;;BRP;1.000;1;
508000730;RH AIR FILTER;Фильтр воздушный правый;HIGH;;BRP;1.000;1;
517303612;RH PANEL LATCH;Защёлка правый панель;MEDIUM;проверьте порядок слов: PANEL;BRP;1.000;1;
520000693;RH PROTECTOR;Защита правый;HIGH;;BRP;1.000;1;
518326328;RH SIDE MEMBER;Балка правый SIDE;NEEDS HUMAN REVIEW;не переведены слова: SIDE;BRP;1.000;1;
709400994;RH STEERING BRACKET;Кронштейн правый рулевой;HIGH;;BRP;1.000;1;
277002318;RING_WEAR;;NEEDS HUMAN REVIEW;слово «RING» без человека однозначно не перевести;BRP;1.000;1;
514054806;RISER SHIM;Шайба регулировочная RISER;NEEDS HUMAN REVIEW;не переведены слова: RISER;BRP;1.000;1;
268000014;ROD PIVOT;;NEEDS HUMAN REVIEW;слово «ROD» без человека однозначно не перевести;BRP;1.000;1;
417127189;ROLLER;Ролик;HIGH;;BRP;1.000;1;
420650370;ROTARY SEAL;Сальник ROTARY;NEEDS HUMAN REVIEW;не переведены слова: ROTARY;BRP;1.000;1;
514055632;RUBBER;;NEEDS HUMAN REVIEW;головное слово не распознано;BRP;1.000;1;
272000001;RUBBER BOOT;Пыльник резиновый;HIGH;;BRP;1.000;1;
514053654;RUBBER BUMPER;Бампер резиновый;HIGH;;BRP;1.000;1;
512060564;RUBBER MOUNT;Опора резиновый;HIGH;;BRP;1.000;1;
535455;Rubber Stopper;Упор резиновый;HIGH;;BRP;1.000;1;
250200024;RUBBER WASHER 5 MM;Шайба резиновый 5 MM;HIGH;;BRP;1.000;1;
503191137;RUNNER PROTECTOR;Защита направляющая;MEDIUM;проверьте порядок слов: RUNNER;BRP;1.000;1;
278002199;SAFETY LANYARD, ANTITHEFT;;NEEDS HUMAN REVIEW;головное слово не распознано;BRP;1.000;1;
517306980;SCOOP GRILL;Решётка SCOOP;NEEDS HUMAN REVIEW;не переведены слова: SCOOP;BRP;1.000;1;
250000827;SCREW-TORX TRUSS CONE HD.M6X50;Винт TORX TRUSS CONE HD.M6X50;NEEDS HUMAN REVIEW;не переведены слова: CONE, HD.M6X50, TORX, TRUSS;BRP;1.000;1;
705500265;SEAL;Сальник;HIGH;;BRP;1.000;1;
614103562;Seal;Сальник;HIGH;;BRP;1.000;1;
293200159;SEAL;Сальник;HIGH;;BRP;1.000;1;
293200158;SEAL;Сальник;HIGH;;BRP;1.000;1;
293200024;SEAL NEOPRENE;Сальник NEOPRENE;NEEDS HUMAN REVIEW;не переведены слова: NEOPRENE;BRP;1.000;1;
420815416;SEMI-TRAPEZ RING;;NEEDS HUMAN REVIEW;головное слово не распознано;BRP;1.000;1;
420889432;SERVOMOTOR;;NEEDS HUMAN REVIEW;головное слово не распознано;BRP;1.000;1;
619230056;SHIFTING DRUM;;NEEDS HUMAN REVIEW;головное слово не распознано;BRP;1.000;1;
420257944;SHIFTING SLEEVE;Втулка распорная SHIFTING;NEEDS HUMAN REVIEW;не переведены слова: SHIFTING;BRP;1.000;1;
516007613;SIDE DECAL LH;Наклейка SIDE левый;NEEDS HUMAN REVIEW;не переведены слова: SIDE;BRP;1.000;1;
516008457;SIDE DECAL LH;Наклейка SIDE левый;NEEDS HUMAN REVIEW;не переведены слова: SIDE;BRP;1.000;1;
505073579;SKILEG LH MACHINED;;NEEDS HUMAN REVIEW;головное слово не распознано;BRP;1.000;1;
271001107;SLIDER;Ползун;HIGH;;BRP;1.000;1;
417223615;SLIDER ADAPTOR ASS'Y;Переходник ползун в сборе;MEDIUM;проверьте порядок слов: SLIDER;BRP;1.000;1;
417223919;SLIDER SHOE;Ползун направляющей;MEDIUM;у слова несколько принятых переводов, выберите нужный: SHOE;BRP;1.000;1;
420640690;SOCKET HEAD SCREW M6 X 25;Винт гнездо HEAD M6 X 25;NEEDS HUMAN REVIEW;не переведены слова: HEAD;BRP;1.000;1;
205562560;SOCKET HEAD SCREW M6 X 25, SCOTCH GRIP;Рукоятка гнездо HEAD винт M6 X 25 SCOTCH;NEEDS HUMAN REVIEW;не переведены слова: HEAD, SCOTCH;BRP;1.000;1;
271001264;SPACER;Проставка;HIGH;;BRP;1.000;1;
520001142;SPACING TOOL;;NEEDS HUMAN REVIEW;головное слово не распознано;BRP;1.000;1;
415129355;SPEEDOMETER BUTTON;Кнопка SPEEDOMETER;NEEDS HUMAN REVIEW;не переведены слова: SPEEDOMETER;BRP;1.000;1;
420238557;SPRING;Пружина;HIGH;;BRP;1.000;1;
514053393;SPRING BRACKET;Кронштейн пружина;MEDIUM;проверьте порядок слов: SPRING;BRP;1.000;1;
417007500;SPRING COVER ASS'Y;Крышка пружина в сборе;MEDIUM;проверьте порядок слов: SPRING;BRP;1.000;1;
417224002;SPRING GUIDE;Направляющая пружина;MEDIUM;проверьте порядок слов: SPRING;BRP;1.000;1;
M5346728;SPRING PLATE;Пластина пружина;MEDIUM;у слова несколько принятых переводов, выберите нужный: PLATE;BRP;1.000;1;
230076;SPRING SEAT;Сиденье пружина;MEDIUM;проверьте порядок слов: SPRING;BRP;1.000;1;
278001106;STARTER CLUTCH ASS'Y;Стартер CLUTCH в сборе;NEEDS HUMAN REVIEW;не переведены слова: CLUTCH;BRP;1.000;1;
278003012;STARTER RELAY;Реле стартер;MEDIUM;проверьте порядок слов: STARTER;BRP;1.000;1;
277001472;STEERING STEM ARM;;NEEDS HUMAN REVIEW;головное слово не распознано;BRP;1.000;1;
512060395;STOPPER;Упор;HIGH;;BRP;1.000;1;
417004302;STOPPER WASHER;Шайба упор;MEDIUM;проверьте порядок слов: STOPPER;BRP;1.000;1;
293850022;STRAP;Ремешок;HIGH;;BRP;1.000;1;
510005146;STRAP COVER;Крышка ремешок;MEDIUM;проверьте порядок слов: STRAP;BRP;1.000;1;
517305988;STUD-FRONT;Шпилька передний;HIGH;;BRP;1.000;1;
707600933;SUPPORT;Кронштейн;MEDIUM;у слова несколько принятых переводов, выберите нужный: SUPPORT;BRP;1.000;1;
715000043;SUPPORT-DOUBLE;Кронштейн DOUBLE;NEEDS HUMAN REVIEW;не переведены слова: DOUBLE;BRP;1.000;1;
515176472;SWITCH ASS'Y;Выключатель в сборе;MEDIUM;в названии есть многозначное слово, проверьте смысл;BRP;1.000;1;
278002895;TEMPERATURE SENSOR;Датчик TEMPERATURE;NEEDS HUMAN REVIEW;не переведены слова: TEMPERATURE;BRP;1.000;1;
515176224;TERMINAL SUPPORT;Кронштейн TERMINAL;NEEDS HUMAN REVIEW;не переведены слова: TERMINAL;BRP;1.000;1;
420922519;THERMOSTAT;Термостат;HIGH;;BRP;1.000;1;
512061326;THROTTLE CABLE;Трос THROTTLE;NEEDS HUMAN REVIEW;не переведены слова: THROTTLE;BRP;1.000;1;
512060885;THROTTLE CABLE;Трос THROTTLE;NEEDS HUMAN REVIEW;не переведены слова: THROTTLE;BRP;1.000;1;
293350020;THRUST WASHER;Шайба THRUST;NEEDS HUMAN REVIEW;не переведены слова: THRUST;BRP;1.000;1;
710000353;TRIM RING;;NEEDS HUMAN REVIEW;головное слово не распознано;BRP;1.000;1;
293150089;TUFLOK PLASTIC RIVET;Заклёпка TUFLOK пластиковый;NEEDS HUMAN REVIEW;не переведены слова: TUFLOK;BRP;1.000;1;
420893881;TURBOCHARGER ASS'Y;;NEEDS HUMAN REVIEW;головное слово не распознано;BRP;1.000;1;
420954063;VALVE HOUSING;Корпус клапан;MEDIUM;проверьте порядок слов: VALVE;BRP;1.000;1;
420822285;WATER PUMP HOUSING;Насос водяной корпус;MEDIUM;проверьте порядок слов: HOUSING;BRP;1.000;1;
505072634;WEAR PLATE;Пластина WEAR;NEEDS HUMAN REVIEW;не переведены слова: WEAR;BRP;1.000;1;
277001874;WEAR RING;;NEEDS HUMAN REVIEW;головное слово не распознано;BRP;1.000;1;
705501121;WEAR SLEEVE;Втулка распорная WEAR;NEEDS HUMAN REVIEW;не переведены слова: WEAR;BRP;1.000;1;
14YETISHIM;шайба;;NEEDS HUMAN REVIEW;название уже содержит русский текст;;50.000;2;без производителя, нет каталога поставщика, название уже по-русски
10F;Гильза маслонасоса;;NEEDS HUMAN REVIEW;название уже содержит русский текст;;44.000;2;без производителя, нет каталога поставщика, название уже по-русски
11G2;топливный фильтр;;NEEDS HUMAN REVIEW;название уже содержит русский текст;;16.000;2;без производителя, нет каталога поставщика, название уже по-русски
12G4;топливный фильтр;;NEEDS HUMAN REVIEW;название уже содержит русский текст;;16.000;2;без производителя, нет каталога поставщика, название уже по-русски
SM-07353;SPI FUEL FILTER;Фильтр топливный SPI;HIGH;;SPI;15.000;2;
10G2;топливный фильтр;;NEEDS HUMAN REVIEW;название уже содержит русский текст;;9.000;2;без производителя, нет каталога поставщика, название уже по-русски
09-710303;SPI TOP END GASKET SET;Комплект прокладок верхней части двигателя SPI;HIGH;;SPI;8.000;2;
SM-09344;SPI CONNECTING ROD KIT - MAG & PTO;Шатун SPI комплект MAG & PTO;NEEDS HUMAN REVIEW;не переведены слова: MAG, PTO;SPI;7.000;2;
09-710278;SPI TOP END GASKET SET;Комплект прокладок верхней части двигателя SPI;HIGH;;SPI;7.000;2;
AT-08532;BRONCO UNIVERSAL JOINT;Крестовина BRONCO;HIGH;;BRONCO PRODUCTS;6.000;2;
SM-09112;SPI CONNECTING ROD KIT;Шатун SPI комплект;MEDIUM;в названии есть многозначное слово, проверьте смысл;SPI;6.000;2;
AT-05266;WILDBOAR BRAKE PADS SEMI METAL;Колодки тормозные WILDBOAR SEMI металлический;NEEDS HUMAN REVIEW;не переведены слова: SEMI;WILDBOAR;6.000;2;
AT-08545;BRONCO CV JOINT BOOT KIT;Комплект пыльника ШРУС BRONCO;HIGH;;BRONCO PRODUCTS;5.000;2;
AT-08533;BRONCO UNIVERSAL JOINT;Крестовина BRONCO;HIGH;;BRONCO PRODUCTS;5.000;2;
SM-09113;SPI CONNECTING ROD KIT;Шатун SPI комплект;MEDIUM;в названии есть многозначное слово, проверьте смысл;SPI;5.000;2;
SM-09510;SPI CONNECTING ROD SKI DOO;Шатун SPI лыжа DOO;NEEDS HUMAN REVIEW;не переведены слова: DOO;SPI;5.000;2;
SM-09507T;SPI TOP END GASKET SET;Комплект прокладок верхней части двигателя SPI;HIGH;;SPI;5.000;2;
SM-09537T;SPI, TOP END GASKET SET;Комплект прокладок верхней части двигателя SPI;HIGH;;SPI;5.000;2;
AT-05267;WILDBOAR BRAKE PADS SEMI METAL;Колодки тормозные WILDBOAR SEMI металлический;NEEDS HUMAN REVIEW;не переведены слова: SEMI;WILDBOAR;5.000;2;
01.5595.050;PROX PISTON KIT SKI DOO MXZ500;Лыжа PROX поршень комплект DOO MXZ500;NEEDS HUMAN REVIEW;не переведены слова: DOO, MXZ500;PROX;4.000;2;
01.5600.000;PROX PISTON KIT SKI-DOO MXZ600 '03-09;Лыжа PROX поршень комплект DOO MXZ600 '03 09;NEEDS HUMAN REVIEW;не переведены слова: '03, DOO, MXZ600;PROX;4.000;2;
01.5699.050;PROX PISTON KIT SKI-DOO MXZ600 '99-01;Лыжа PROX поршень комплект DOO MXZ600 '99 01;NEEDS HUMAN REVIEW;не переведены слова: '99, DOO, MXZ600;PROX;4.000;2;
01.5503.000;PROX PISTON KIT SKI-DOO MZX550;Лыжа PROX поршень комплект DOO MZX550;NEEDS HUMAN REVIEW;не переведены слова: DOO, MZX550;PROX;4.000;2;
01.5400.000;PROX PISTON KIT SKI-DOOMXZ500 LEGEND 500;Лыжа PROX поршень комплект DOOMXZ500 LEGEND 500;NEEDS HUMAN REVIEW;не переведены слова: DOOMXZ500, LEGEND;PROX;4.000;2;
SM-09101;SPI CONNECTING ROD KIT;Шатун SPI комплект;MEDIUM;в названии есть многозначное слово, проверьте смысл;SPI;4.000;2;
SM-09188-4A;SPI CRANK WEB SKI-DOO PTO SIDE;Лыжа SPI CRANK WEB DOO PTO SIDE;NEEDS HUMAN REVIEW;не переведены слова: CRANK, DOO, PTO, SIDE, WEB;SPI;4.000;2;
09-710259;SPI TOP END GASKET SET;Комплект прокладок верхней части двигателя SPI;HIGH;;SPI;4.000;2;
AT-05612;WILDBOAR BRAKE PADS SEMI METAL;Колодки тормозные WILDBOAR SEMI металлический;NEEDS HUMAN REVIEW;не переведены слова: SEMI;WILDBOAR;4.000;2;
420924798 карбон;Лепестки Rotax797;;NEEDS HUMAN REVIEW;название уже содержит русский текст;;4.000;2;без производителя, нет каталога поставщика, название уже по-русски
AT-08812;BRONCO BALL JOINT;Шаровая опора BRONCO;HIGH;;BRONCO PRODUCTS;3.000;2;
AT-08776;BRONCO TIE ROD END;Наконечник рулевой тяги BRONCO;HIGH;;BRONCO PRODUCTS;3.000;2;
420413575RG4;CYLINDER BLOCK PLASMA REBUILD G4;Цилиндр BLOCK PLASMA REBUILD G4;NEEDS HUMAN REVIEW;не переведены слова: BLOCK, PLASMA, REBUILD;;3.000;2;без производителя, нет каталога поставщика, rebuild
09-710277;SPI TOP END GASKET SET;Комплект прокладок верхней части двигателя SPI;HIGH;;SPI;3.000;2;
AT-05266F;WILDBOAR BRAKE PADS FULL METAL;Колодки тормозные WILDBOAR FULL металлический;NEEDS HUMAN REVIEW;не переведены слова: FULL;WILDBOAR;3.000;2;
AT-05611;WILDBOAR BRAKE PADS SEMI METAL;Колодки тормозные WILDBOAR SEMI металлический;NEEDS HUMAN REVIEW;не переведены слова: SEMI;WILDBOAR;3.000;2;
51-1046-L;ALL BALLS TIE ROD END KIT LEFT;Комплект наконечников рулевой тяги ALL BALLS левый;HIGH;;ALL BALLS RACING INC;2.000;2;
7518696;BOLT-M10X1.5X150,HXHD FLG;Болт M10X1.5X150 HXHD FLG;NEEDS HUMAN REVIEW;не переведены слова: FLG, HXHD;POLARIS;2.000;2;
AT-08810;BRONCO BALL JOINT;Шаровая опора BRONCO;HIGH;;BRONCO PRODUCTS;2.000;2;
AT-08819;BRONCO BALL JOINT;Шаровая опора BRONCO;HIGH;;BRONCO PRODUCTS;2.000;2;
AT-03081;BRONCO CV BOOT KIT;Пыльник BRONCO CV комплект;MEDIUM;в названии есть многозначное слово, проверьте смысл;BRONCO PRODUCTS;2.000;2;
AT-08503;BRONCO UNIVERSAL JOINT;Крестовина BRONCO;HIGH;;BRONCO PRODUCTS;2.000;2;
SM-09352;CONNECTING ROD KIT;Шатун комплект;MEDIUM;в названии есть многозначное слово, проверьте смысл;SPI;2.000;2;
09-780;OEM STYLE PISTON KIT WITH RINGS TEFLON COATED STD.;Поршень OEM STYLE комплект WITH RINGS TEFLON COATED STD.;NEEDS HUMAN REVIEW;не переведены слова: COATED, OEM, RINGS, STD., STYLE, TEFLON, WITH;SPI;2.000;2;
01.5598.100;PROX PISTON KIT SKI DOO MXZ500 '98-99;Лыжа PROX поршень комплект DOO MXZ500 '98 99;NEEDS HUMAN REVIEW;не переведены слова: '98, DOO, MXZ500;PROX;2.000;2;
01.5817.000;PROX PISTON KIT SKI-DOO 850 ETEC 2017-20;Лыжа PROX поршень комплект DOO 850 ETEC 2017 20;NEEDS HUMAN REVIEW;не переведены слова: DOO, ETEC;PROX;2.000;2;
01.5699.000;PROX PISTON KIT SKI-DOO MXZ600 '99-01;Лыжа PROX поршень комплект DOO MXZ600 '99 01;NEEDS HUMAN REVIEW;не переведены слова: '99, DOO, MXZ600;PROX;2.000;2;
01.5503.100;PROX PISTON KIT SKI-DOO MZX550;Лыжа PROX поршень комплект DOO MZX550;NEEDS HUMAN REVIEW;не переведены слова: DOO, MZX550;PROX;2.000;2;
01.5400.050;PROX PISTON KIT SKI-DOOMXZ500 LEGEND 500;Лыжа PROX поршень комплект DOOMXZ500 LEGEND 500;NEEDS HUMAN REVIEW;не переведены слова: DOOMXZ500, LEGEND;PROX;2.000;2;
01.5400.100;PROX PISTON KIT SKI-DOOMXZ500 LEGEND 500;Лыжа PROX поршень комплект DOOMXZ500 LEGEND 500;NEEDS HUMAN REVIEW;не переведены слова: DOOMXZ500, LEGEND;PROX;2.000;2;
SM-09188-5A;SPI MAG CRANK WEB;;NEEDS HUMAN REVIEW;головное слово не распознано;SPI;2.000;2;
SM-05179;SPI THROTTLE CABLE;Трос SPI THROTTLE;NEEDS HUMAN REVIEW;не переведены слова: THROTTLE;SPI;2.000;2;
AT-05267F;WILDBOAR BRAKE PADS FULL METAL;Колодки тормозные WILDBOAR FULL металлический;NEEDS HUMAN REVIEW;не переведены слова: FULL;WILDBOAR;2.000;2;
51-1047-R;ALL BALLS TIE ROD END KIT RIGHT;Комплект наконечников рулевой тяги ALL BALLS правый;HIGH;;ALL BALLS RACING INC;1.000;2;
3086878;BALL BEARING;Подшипник шариковый;HIGH;;POLARIS;1.000;2;
7518680;BOLT-M10X1.5X125,HX HD FLG;Болт M10X1.5X125 HX HD FLG;NEEDS HUMAN REVIEW;не переведены слова: FLG;POLARIS;1.000;2;
AT-08807;BRONCO BALL JOINT;Шаровая опора BRONCO;HIGH;;BRONCO PRODUCTS;1.000;2;
AT-08122;BRONCO TIE ROD END;Наконечник рулевой тяги BRONCO;HIGH;;BRONCO PRODUCTS;1.000;2;
AT-08123;BRONCO TIE ROD END;Наконечник рулевой тяги BRONCO;HIGH;;BRONCO PRODUCTS;1.000;2;
AT-08760;BRONCO TIE ROD END;Наконечник рулевой тяги BRONCO;HIGH;;BRONCO PRODUCTS;1.000;2;
420413575RG5;CYLINDER BLOCK PLASMA REBUILD G5;Цилиндр BLOCK PLASMA REBUILD G5;NEEDS HUMAN REVIEW;не переведены слова: BLOCK, PLASMA, REBUILD;;1.000;2;без производителя, нет каталога поставщика, rebuild
3022206;CYLINDER, 77.25;Цилиндр 77.25;HIGH;;POLARIS;1.000;2;
RW-10002;NAMURA PWC CONNECTING ROD;Шатун NAMURA PWC;NEEDS HUMAN REVIEW;не переведены слова: NAMURA, PWC;NAMURA TECHNOLOGIES;1.000;2;
RW-10001;NAMURA PWC CONNECTING ROD;Шатун NAMURA PWC;NEEDS HUMAN REVIEW;не переведены слова: NAMURA, PWC;NAMURA TECHNOLOGIES;1.000;2;
NW-10003T;NAMURA PWC SEADOO TOP-END GASKET SET;Комплект прокладок верхней части двигателя NAMURA PWC SEADOO;NEEDS HUMAN REVIEW;не переведены слова: NAMURA, PWC, SEADOO;NAMURA TECHNOLOGIES;1.000;2;
09-830;OEM STYLE PISTON KIT WITH RINGS TEFLON COATED STD.;Поршень OEM STYLE комплект WITH RINGS TEFLON COATED STD.;NEEDS HUMAN REVIEW;не переведены слова: COATED, OEM, RINGS, STD., STYLE, TEFLON, WITH;SPI;1.000;2;
400509000;ROTAX ENGINE 503 ASY;;NEEDS HUMAN REVIEW;головное слово не распознано;;1.000;2;без производителя, нет каталога поставщика
SM-09381;SPI CRANK WEB - PTO SIDE;;NEEDS HUMAN REVIEW;головное слово не распознано;SPI;1.000;2;
SM-09188-2;SPI CRANK WEB SKI-DOO PTO SIDE;Лыжа SPI CRANK WEB DOO PTO SIDE;NEEDS HUMAN REVIEW;не переведены слова: CRANK, DOO, PTO, SIDE, WEB;SPI;1.000;2;
SM-09188-4;SPI CRANK WEB SKI-DOO PTO SIDE;Лыжа SPI CRANK WEB DOO PTO SIDE;NEEDS HUMAN REVIEW;не переведены слова: CRANK, DOO, PTO, SIDE, WEB;SPI;1.000;2;
SM-09375;SPI MAG CRANK WEB;;NEEDS HUMAN REVIEW;головное слово не распознано;SPI;1.000;2;
SM-09374;SPI PTO CRANK WEB;;NEEDS HUMAN REVIEW;головное слово не распознано;SPI;1.000;2;
SM-01502;SPI TAILLIGHT;;NEEDS HUMAN REVIEW;головное слово не распознано;SPI;1.000;2;
SM-11014;STARTER REWIND ASSEMBLY, SKI DOO;Лыжа стартер REWIND ASSEMBLY DOO;NEEDS HUMAN REVIEW;не переведены слова: ASSEMBLY, DOO, REWIND;SPI;1.000;2;
AT-08255;STEERING RACK BOOT KIT;Пыльник рулевой RACK комплект;NEEDS HUMAN REVIEW;не переведены слова: RACK;BRONCO PRODUCTS;1.000;2;
AT-05015F;WILDBOAR BRAKE PADS FULL METAL;Колодки тормозные WILDBOAR FULL металлический;NEEDS HUMAN REVIEW;не переведены слова: FULL;WILDBOAR;1.000;2;
AT-05561;WILDBOAR BRAKE PADS SEMI METAL;Колодки тормозные WILDBOAR SEMI металлический;NEEDS HUMAN REVIEW;не переведены слова: SEMI;WILDBOAR;1.000;2;
